{"type":"FeatureCollection","features":[{"id":"5cdb851b-4447-41b6-ae6f-a134e8b00236","type":"Feature","properties":{},"geometry":{"coordinates":[[[37.84153880103173,47.10128748563304],[37.8290804585676,47.11301748044261],[37.81813425126333,47.120317979097905],[37.80044997689217,47.17455557878674],[37.81218114175243,47.20475776662602],[37.83471477014618,47.24999276504826],[37.836047376881936,47.28604911107854],[37.82820238412816,47.30299250582863],[37.83980506248437,47.30621114458776],[37.838222879078955,47.31312121033935],[37.826158730560394,47.319199531864854],[37.83222376697654,47.3332213843602],[37.83321263161005,47.34282651899909],[37.85528519408166,47.341477984116466],[37.86293241390791,47.34500696383617],[37.86260279237587,47.354133116682476],[37.85653775596151,47.354222439433016],[37.851131962635776,47.34944345993779],[37.84195980432972,47.35047075372469],[37.83958652921049,47.35788454203487],[37.853364709759774,47.36373444690764],[37.85270546667121,47.36605636671274],[37.84410295087346,47.37122676258173],[37.842322994535294,47.37930724039316],[37.85532272839603,47.38518801238678],[37.85987150570577,47.389517441610536],[37.85617974441203,47.39639023797204],[37.86019393336511,47.40738870793592],[37.85915631231242,47.41255495114038],[37.86204682810248,47.417570236407556],[37.861602133366205,47.42469112076947],[37.86804450662072,47.431401461324526],[37.8782176503675,47.44132575140219],[37.8916534956997,47.46888632339832],[37.81950954869032,47.54727460937784],[37.81541197895285,47.587415874068],[37.849127216632496,47.62818095580408],[37.854631057609424,47.64181464492589],[37.83120719790111,47.656648986374535],[37.80115642756235,47.661192770949924],[37.77531075759154,47.6772914170177],[37.76319931681829,47.68621447513797],[37.66639223086503,47.72111810118585],[37.63547629746978,47.75383798986735],[37.62164218555142,47.77354268074731],[37.63672163819189,47.80509492886591],[37.634223267342435,47.83999194711481],[37.64573314684253,47.88764165182093],[37.57622810001541,47.907343151170096],[37.56766225710271,47.90764221043642],[37.53444206137439,47.91779967652275],[37.5145693606478,47.922600086614715],[37.518081328828266,47.93477709461803],[37.521593297008735,47.94695410262133],[37.524448577979655,47.95735238158014],[37.53962587966282,47.976036592558785],[37.5440428083551,47.9791257722739],[37.54991007184324,47.98022900594907],[37.55893261924945,47.98714514762281],[37.54910989723339,47.997468888346845],[37.55669119275194,48.01014972149068],[37.57198563240422,48.00719471617427],[37.57541369646313,48.014162965027595],[37.58837705255897,48.016367910943046],[37.61723286056463,48.01846071447744],[37.62360293413573,48.02002791298719],[37.64906970889865,48.028352072249504],[37.688121412390274,48.054045261115675],[37.692294908867495,48.05262592689684],[37.695809432217914,48.056051839291115],[37.686876685372056,48.06262498958799],[37.69236812810669,48.06962203726937],[37.69353963589063,48.073291437254454],[37.69383251283588,48.077058415699355],[37.7266758759159,48.076324610358995],[37.726602656679574,48.08097186742805],[37.741978696335906,48.08664584366585],[37.75698863980716,48.086922662800504],[37.7737185487058,48.09214849563543],[37.79033915592612,48.100901863181235],[37.801661971465194,48.11636721565014],[37.80590868718025,48.11881128850672],[37.816517603771786,48.13249594790753],[37.82497165952407,48.15530427727427],[37.82790042898398,48.174687618498695],[37.85560226894276,48.19387308123058],[37.88382258244829,48.199705139352005],[37.896312136755114,48.215612537978785],[37.89235829798778,48.23556890888872],[37.89460448111453,48.255901583746436],[37.89526345424383,48.269719676711645],[37.89379906951504,48.286872060595016],[37.900901335449674,48.29072081004372],[37.899567712649684,48.32264000092019],[37.90630658756942,48.341145975653234],[37.92047804512899,48.34685752877556],[37.930287428949526,48.35990345667108],[37.95169326693693,48.37572271199684],[37.98152269857931,48.3907949124264],[38.005724507887834,48.392242661767796],[38.04220593636185,48.40882627295403],[38.11421544974749,48.408390281468],[38.121962113832694,48.41936606820471],[38.13730646769267,48.41798186531298],[38.14803261796476,48.414026792228015],[38.16486671491816,48.40265424321893],[38.19028856504568,48.41649874896467],[38.2191895810555,48.39523599323903],[38.23503248571552,48.38722306821276],[38.274674324305494,48.35970546218877],[38.29339129100023,48.3603983613732],[38.32129731100022,48.371434385611536],[38.35422369716281,48.389567030680325],[38.36960074878053,48.4032765808918],[38.39030817777652,48.415637775759166],[38.389116383300575,48.43115917962018],[38.39745894462348,48.43876985555826],[38.40536248693516,48.47141902756195],[38.417477187905035,48.52002134694854],[38.40132879754606,48.548670714061245],[38.4028042474047,48.59189975984029],[38.40642225270278,48.601191509080564],[38.43709701408238,48.61167175792684],[38.439848695189596,48.61894842894202],[38.43720708132872,48.6296432313176],[38.42653055863224,48.639415854757715],[38.43148358462514,48.65061533300428],[38.44612252811265,48.655850599519425],[38.46450375790988,48.655850599519425],[38.482317094535546,48.6585407333572],[38.49695603802411,48.663338994053674],[38.51555740230674,48.665883340903406],[38.51753861270382,48.671044335650976],[38.52968817633578,48.67555068748035],[38.542015707694475,48.67322487880136],[38.549653885257555,48.674904885784485],[38.558349197555344,48.68675467051935],[38.571935623020295,48.688716522561094],[38.5778582668338,48.6971146766204],[38.57906900651963,48.708446602617784],[38.58413209975663,48.71963074505277],[38.631824235478746,48.720647361990075],[38.67969364183688,48.72368517738815],[38.676061422776,48.72905805819255],[38.69257150941701,48.72978407913857],[38.75338003577332,48.71936361263562],[38.76603776886529,48.71406232041437],[38.80975333648479,48.713481322917204],[38.830776180140816,48.71805649658282],[38.838811088972676,48.72335736790279],[38.84739633402873,48.74277591551848],[38.85477083939554,48.75010624471139],[38.85950373089929,48.75010624471139],[38.86434668964705,48.752138225879776],[38.8718553107295,48.75257363972409],[38.878679479874876,48.75315418564742],[38.88165129547019,48.7505416761652],[38.89926205455404,48.7512673868695],[38.908794816262656,48.75010162344097],[38.91674086199487,48.743894825239806],[38.919674786572386,48.74365298641732],[38.92163073629115,48.74550705431747],[38.93006576945328,48.745748884218244],[38.93593361860954,48.748005907176434],[38.93947877747544,48.74599071295532],[38.93837855575825,48.743411146430674],[38.93446665632078,48.74244377484854],[38.9337331751764,48.73728414527753],[38.94380975543643,48.734623504328],[38.95701241603763,48.73486538659671],[38.95982409375915,48.73784850555859],[38.95835713146923,48.74284684860439],[38.96067982176072,48.74671619218503],[38.966303177201354,48.74647436693908],[38.97021507663888,48.74421727519322],[38.973760235504784,48.744378499394145],[38.9755939383663,48.74566827438116],[38.98231011823816,48.74462033472554],[38.983532586812515,48.740105883321235],[38.9870777456772,48.73744539171898],[38.990500657685914,48.735268521125334],[38.99270110111905,48.73083386351357],[38.99979141884964,48.724382754170136],[39.00064714685121,48.71954387904901],[38.99844670341807,48.71672098690817],[38.985733030245655,48.71325264541221],[38.985733030237355,48.71169934240683],[38.98927818910326,48.71089269218882],[38.99771322226536,48.712102662666325],[39.000280406271315,48.71113468861242],[39.00186961541726,48.69959823124648],[39.006026008569165,48.6970969721165],[39.01617249773565,48.69588664082258],[39.01727271945282,48.68967314875624],[39.015590807801004,48.68344701748191],[39.020602928954474,48.67957280483893],[39.021947644386046,48.671904213773814],[39.027448752970656,48.667463969616534],[39.02903796211663,48.66326556075404],[39.02708201239787,48.66140846065548],[39.020725175812885,48.661246970456574],[39.017669004376955,48.662861849162],[39.01057868664637,48.662861849162],[39.01118992093356,48.66027801839846],[39.021458656957265,48.65704804367911],[39.03441682384408,48.652768008386374],[39.0364188388871,48.64875673816809],[39.04595409376523,48.647222175342876],[39.072848402398876,48.65109887560578],[39.07688254869356,48.65206800410337],[39.09895964247528,48.651664202824435],[39.10274929505553,48.650856590568964],[39.124020248246126,48.66119305055784],[39.14052357399885,48.66078932236525],[39.14162379571482,48.6632923850313],[39.13954559913887,48.66595679901869],[39.14883636030385,48.67661304639441],[39.16122488943583,48.67652887715158],[39.17907293061893,48.68516525646365],[39.18420729863078,48.694445695405705],[39.19138896628712,48.70259690777877],[39.195733741301126,48.7076146265546],[39.19844922568521,48.70698743906701],[39.20157203272612,48.700177471758366],[39.20645990461725,48.6991917422597],[39.21827226168614,48.70618104366784],[39.2246536499882,48.707166636289884],[39.228183779687214,48.711108813748865],[39.23633023283816,48.71209430985718],[39.239351786530136,48.71065913630571],[39.24286279656715,48.71059294249852],[39.24948355835002,48.713968715642494],[39.25151312723713,48.719938345403534],[39.25171375638172,48.72278407179542],[39.25743168701305,48.733239079131295],[39.25321847496903,48.73925964750288],[39.25612759757033,48.74349346152536],[39.26696157139824,48.74230273737811],[39.269971008571844,48.74408881302057],[39.269081340925766,48.75194778242093],[39.27249203638945,48.75479169740228],[39.276504619288914,48.754064199590744],[39.28021625847052,48.75002970235212],[39.2846300996591,48.74969899149147],[39.28814110969512,48.751881642947296],[39.29034803029043,48.76061130065028],[39.29987791467457,48.76451270256047],[39.30623271800269,48.77207918875155],[39.31185033406078,48.77545083471162],[39.32499154305526,48.77690520031837],[39.32940538424387,48.77419475777941],[39.327098149077244,48.7691701357802],[39.335323944019706,48.766657636215],[39.34756232186166,48.76956683474617],[39.35398245449994,48.768575081454514],[39.355610543293466,48.76632703480652],[39.35119670210497,48.761500006410245],[39.34577971519141,48.76030970892771],[39.3447765694666,48.75746610631745],[39.34838789407593,48.75012489964041],[39.34969198351763,48.743973333014026],[39.36012469905444,48.7371594287504],[39.36022501363166,48.73399768911986],[39.355008655862775,48.72857202584146],[39.3556105432975,48.72638836198303],[39.3656181702616,48.722173435118634],[39.374546167211065,48.71972476676501],[39.375448998363595,48.71780545688512],[39.37264019033461,48.715356575888194],[39.366621315986436,48.7158198868415],[39.36120432907197,48.71482707243058],[39.35478419643374,48.71264281176039],[39.348464378368675,48.712576620562885],[39.356790487883416,48.698873167955185],[39.36571848483251,48.69337749880137],[39.37562939739843,48.6885412573624],[39.384758023493504,48.685958499752644],[39.39127847070512,48.68489886856756],[39.39228161642896,48.683839215087204],[39.390676583269425,48.68059388761037],[39.398802063640574,48.675361184601826],[39.40562345456806,48.67489750115817],[39.4149946000596,48.669152525901325],[39.41489428548627,48.66656877401002],[39.409176354856015,48.66040698488817],[39.41168421916717,48.65815409974135],[39.41509491463191,48.65729267587011],[39.421715676414806,48.65914803207119],[39.438645091300714,48.65596348633494],[39.44767818487202,48.65734048387813],[39.4537581517005,48.65458645118002],[39.45341072502529,48.65263558699101],[39.451499878308084,48.64930746797745],[39.45202101832095,48.64115838724868],[39.458622125162265,48.639780947746175],[39.46869749876268,48.638403470629214],[39.46782893207288,48.6353040095843],[39.46504951866595,48.63289318600522],[39.46713407872073,48.62818600795342],[39.479120299038385,48.62967857536668],[39.48328941914963,48.62898970358498],[39.510388699867065,48.63564840354866],[39.51577381334337,48.63415601272325],[39.51872694008793,48.62967857536668],[39.51282068659873,48.62278943435558],[39.529559132509235,48.610608399070685],[39.52452144570816,48.60429100293254],[39.526432292427046,48.598317465223175],[39.534944245985514,48.59624953757461],[39.53477053264788,48.59360706239221],[39.52851685248186,48.590734649998154],[39.529559132509235,48.586253360594355],[39.54023811170177,48.584299853666806],[39.54840263858506,48.58636827041582],[39.54927120527478,48.588666411962265],[39.54840263858506,48.59441130860097],[39.55882543886074,48.5991216364481],[39.56403683899936,48.59797281649341],[39.56872709912352,48.59142404386546],[39.56438426567459,48.58464459567034],[39.572896219233115,48.58131199113282],[39.5923521130818,48.59234322105701],[39.59982524350792,48.59291769831182],[39.60660006368681,48.58912602773199],[39.60642635034918,48.585793718700586],[39.60086752353533,48.58487442236779],[39.596872116763336,48.57970306891846],[39.59739325677617,48.57568053932641],[39.611464037150256,48.57384156204992],[39.612853743852924,48.575910406782896],[39.618238857329175,48.58050753642806],[39.62153941075073,48.58694281560176],[39.62501367750809,48.586138450514255],[39.63335191772896,48.581541832984556],[39.673802068280395,48.58924093102121],[39.68926255535712,48.58590862956737],[39.70159620234995,48.587862074311204],[39.72087803543582,48.58467010648684],[39.72574200889753,48.58604905029031],[39.73720708920061,48.58593413974398],[39.74658760945056,48.590875057314264],[39.75075672956015,48.589955853414466],[39.75040930288492,48.58317620824269],[39.753536142967135,48.58214194512922],[39.76948736250171,48.587447657958165],[39.77191934923343,48.592503323420175],[39.791548956419774,48.59319269315654],[39.80006090997824,48.58940104321243],[39.804723912541846,48.585379285388825],[39.80889303265144,48.58388540810628],[39.82296381302385,48.586758209842145],[39.82661179312052,48.583540660924314],[39.82070553963143,48.579288585663534],[39.847978533686444,48.570323579457266],[39.8549270672047,48.56043724277498],[39.8524950804709,48.552007798683746],[39.857185340595066,48.54418802431914],[39.854927067202624,48.53786232288766],[39.86778185421005,48.507718128790714],[39.862744167404145,48.50264392075144],[39.85075794708649,48.50321941716729],[39.8465888269769,48.50045697477847],[39.84624140029999,48.47305460499578],[39.85304228713258,48.46664316155034],[39.886568961353674,48.45097603745688],[39.89907632168408,48.44774985285281],[39.897860328319126,48.44394730072159],[39.88952208809823,48.443371131622825],[39.89473348823694,48.43057849446433],[39.91227853536844,48.42089543857301],[39.91088882865719,48.41173479181214],[39.90533000184334,48.40585383399858],[39.90863055526481,48.40216347400937],[39.917142508823304,48.39962619619604],[39.91818478885071,48.395474014054486],[39.90637228187069,48.392590354848124],[39.90550371518091,48.38936046250808],[39.91523166210612,48.38670718328993],[39.91995046312189,48.37683151172925],[39.928390803216445,48.375079508208586],[39.938765387915936,48.38839322291858],[39.9428097175458,48.386991943248745],[39.93472105828778,48.37227617717218],[39.93647946247435,48.36736997646622],[39.931731771171314,48.36503352427772],[39.934910194660716,48.36189882301571],[39.93936700803499,48.35969361826798],[39.939935962933646,48.35818142269537],[39.94221178252934,48.357614337782564],[39.94154800181343,48.35477881853271],[39.94761685406749,48.35503087107875],[39.94619446682026,48.35194314147111],[39.93917735640238,48.34980052524969],[39.918600154228244,48.347342707468215],[39.91886441901741,48.3417708795175],[39.8779482276544,48.33406990698114],[39.86858930729491,48.33438510050695],[39.86204632595849,48.334448138978246],[39.848486234203165,48.33350255372335],[39.84516733062728,48.33287215381105],[39.845262156443596,48.32946785960601],[39.84090016888564,48.32896350039502],[39.84241738194913,48.32045168637751],[39.84108982051825,48.309983360406505],[39.853037873393674,48.30853276028577],[39.857779164216794,48.309163461057096],[39.87058064944077,48.30884811164577],[39.88129596670166,48.30809126510823],[39.88783894803811,48.30752362283877],[39.88690603876793,48.30452917256616],[39.88791532343612,48.30381586115399],[39.88892460810305,48.30389978066091],[39.901142849885275,48.29948282048812],[39.90454918563819,48.29759443481436],[39.90915404693408,48.293859421900606],[39.90984793014297,48.29348170875306],[39.908586324308374,48.293062024201134],[39.9099110104346,48.29192885868065],[39.91167725860322,48.2902920196444],[39.91186649947804,48.28932667972006],[39.91274962356178,48.288109485979135],[39.91281270385463,48.28718607827196],[39.91192957976966,48.28622067963559],[39.91230806152055,48.28584290998418],[39.91211882064573,48.28487748595856],[39.91276165578242,48.28361715386592],[39.91433866307503,48.28374308288079],[39.91484330540908,48.28265168776875],[39.915221787159965,48.28118246521609],[39.91446482365944,48.27908350254859],[39.91276165578242,48.27635472214797],[39.911247728781376,48.27551506808635],[39.91069769566084,48.27164749991849],[39.916771152660004,48.27150312502127],[39.92566442898172,48.27236936828723],[39.93520843283795,48.27929878576947],[39.929568794196086,48.28261879859588],[39.93564225119533,48.28420655454144],[39.93976352558789,48.293010487247045],[39.94713843765925,48.2931548013685],[39.9508258936944,48.3005142807213],[39.95386262219506,48.30340006147111],[39.96405735358687,48.303544346226175],[39.96557571783714,48.30657423186554],[39.97143226565822,48.306141402072086],[39.9725168115512,48.31234494502789],[39.980759360336265,48.31523005690187],[39.98770045405024,48.317682273729446],[39.9918217284428,48.31638405597337],[39.996593730370904,48.31032526964924],[39.996159912014576,48.30267863157869],[39.993123183513916,48.302390056766455],[40.002233369013794,48.286660262106125],[40.00704505808983,48.27432705124238],[40.01593833441049,48.269995854004094],[40.015070697696785,48.26349836979114],[40.01940888126751,48.25021205352965],[40.01311851508905,48.24616770671875],[40.0061774213751,48.2405339763846],[40.002273056160675,48.23778911374376],[40.00704505808983,48.23042059632678],[40.0061774213751,48.224351608733855],[39.971038134447696,48.22680819040826],[39.94327375959176,48.230131613236665],[39.94120324337899,48.21983762317177],[39.94120324337899,48.21333376435172],[39.93903415159309,48.20943105247977],[39.93794960570119,48.19873320630225],[39.94293851680746,48.19497397315894],[39.93838342405755,48.1821037407978],[39.9199461438796,48.18123596838953],[39.90931759413044,48.17892183681664],[39.90687395798477,48.1673742635987],[39.90839232223507,48.157391126756465],[39.90470486619995,48.1434983129422],[39.89863140919968,48.13524767516378],[39.89125649712827,48.13104947332502],[39.879977219843596,48.122652039916915],[39.87607285462923,48.11830800112483],[39.86934867009444,48.11700471785619],[39.87412067202257,48.1086049881803],[39.86863754540332,48.07940384702346],[39.834148986011485,48.06679451984647],[39.847163536725816,48.059546381894734],[39.8846888246172,48.048672261306535],[39.88403809708163,48.04098649793684],[39.77721609400564,48.039818179223545],[39.78567555196997,48.0216864255749],[39.79608719254094,48.008772728729696],[39.81127083504006,48.00224210036498],[39.81669356450371,47.99614610120162],[39.81517520025443,47.98525859680004],[39.822550112324734,47.982064493128235],[39.82103174807554,47.97683735169744],[39.81604283696814,47.97407836923611],[39.81756120121847,47.96376718263798],[39.81886265628964,47.95984548687517],[39.82385156739693,47.95882870233794],[39.82081483889627,47.951129541483965],[39.80601368186967,47.95057208440386],[39.80625459337381,47.93491821633867],[39.801677274786556,47.934595406294875],[39.79974998274977,47.929753013797125],[39.80119545177706,47.92700879010101],[39.79372719513526,47.919098154145814],[39.79469084115564,47.87041783451241],[39.79179990310104,47.8691249723546],[39.76385416856695,47.87106425349674],[39.76385416856695,47.8464946636216],[39.758819517006,47.84659838584324],[39.75656981520467,47.84699570408216],[39.73826932675948,47.82789834796853],[39.651026077540905,47.83280104886637],[39.646790344570235,47.83613462092316],[39.63408314565538,47.83868367858332],[39.626341978500875,47.839271904873954],[39.62283654431849,47.837605246395555],[39.62166806625672,47.83633070672792],[39.56594974819558,47.836526791796814],[39.54272624673206,47.82525069691167],[39.53514584268689,47.8327029993919],[39.52097804619703,47.825839075486044],[39.47839203396887,47.860723894990144],[39.4715272253614,47.85915592542733],[39.46539271554076,47.859449923332534],[39.46174122159951,47.8580779188444],[39.459112145962706,47.85543180765595],[39.455168532506804,47.855137786965656],[39.44888796292736,47.852197488365874],[39.4455285885023,47.85258953781178],[39.44728130559349,47.854549740583565],[39.445966767775815,47.85533380094458],[39.44012437746986,47.85474575678492],[39.43296744934625,47.84435587700537],[39.439248018924246,47.840042485389745],[39.43177896271081,47.837561650038396],[39.4246220345872,47.83609102333031],[39.42228507846511,47.83305159604515],[39.412937253976764,47.82981588104198],[39.41103847712819,47.83128668559914],[39.38752285614993,47.87108063001426],[39.355722315122534,47.87262768501893],[39.34827326748419,47.871256029297996],[39.35163264190925,47.86694487495646],[39.242482486881016,47.867166086183374],[39.23634797706035,47.86452043885092],[39.2372243356059,47.86197265082737],[39.23693221609122,47.86079670642732],[39.23444920021174,47.86020872422449],[39.23386496118087,47.85707270651429],[39.23693221609122,47.853740479852775],[39.18070279111052,47.85374047985425],[39.171501026379474,47.8461931748777],[39.162883500679385,47.851388190926514],[39.14959206273508,47.851486205095824],[39.14973812249244,47.84256615711752],[39.10962616942797,47.84283023108702],[39.10918799015445,47.851652219983606],[39.08255838972562,47.85145619208825],[39.08285050924178,47.86958563672184],[38.96418286182194,47.86988218390891],[38.956733814182144,47.87125387599292],[38.94650963114819,47.87144982904127],[38.94402661526871,47.87252755756231],[38.93307213344653,47.87429106497805],[38.93219577490095,47.87223363382489],[38.92883924701076,47.87340931877256],[38.91467145051939,47.874291064978195],[38.91262661391343,47.87556467189839],[38.909705418760495,47.874389035852545],[38.908829060214885,47.87262553177146],[38.90138001257509,47.87252755756248],[38.8991891162118,47.87301742675365],[38.898458817423574,47.87448700654207],[38.8933467259059,47.87389917962773],[38.8920321880868,47.87321337313358],[38.89027947099552,47.87360526367016],[38.88472920020581,47.87487888744647],[38.88239224408369,47.87556467189839],[38.8788868099013,47.876054512378374],[38.87815651111305,47.874584977045885],[38.879178929415986,47.873311346045426],[38.87538137571744,47.86704070623989],[38.86390453063109,47.865570915289624],[38.84243374626021,47.86517896399505],[38.842287686502885,47.86704070624663],[38.8390743718337,47.86566890264993],[38.834400459589546,47.85998532953951],[38.836883475470415,47.856555285663944],[38.837467714499894,47.85430113327314],[38.83790589377344,47.85096872849658],[38.834400459589546,47.84998856868992],[38.83089502540713,47.84959649958009],[38.826805352193844,47.84714600049227],[38.8256368741321,47.84116629680267],[38.8263671729203,47.83891147547297],[38.825198694860006,47.8354800375873],[38.82841200952768,47.83146006457491],[38.82811989001152,47.82881259520477],[38.832501682741,47.82704754059321],[38.83193062303758,47.82505797691894],[38.82876549550272,47.823877377008984],[38.82894133592106,47.815848585510366],[38.78849803963476,47.81596666496884],[38.78867388005307,47.80309442341425],[38.78972892256468,47.79730677991847],[38.788146358798116,47.79317235409499],[38.783750348331694,47.79045526657714],[38.785860433354884,47.78466621510276],[38.79377325219454,47.78419361100546],[38.78972892256468,47.781357896189206],[38.78990476298472,47.778049366728396],[38.79693837972937,47.77580417325416],[38.79658669889267,47.77249529036786],[38.79236652884458,47.77249529036786],[38.79399519992242,47.7693821221406],[38.78942334903766,47.768318444253765],[38.78907166820102,47.73651625172576],[38.78256557271129,47.73639799170272],[38.777817881408225,47.73415100022672],[38.77834540266315,47.73095774027672],[38.777642040989946,47.729183622361546],[38.77430107303505,47.7282374014288],[38.77324603052344,47.72658147343154],[38.77201514758454,47.68548116405145],[38.75583782907037,47.685362788162394],[38.753376063210624,47.686309787754766],[38.75091429734897,47.68453414941513],[38.7468699677209,47.68595466492249],[38.74528740395263,47.683942256536454],[38.74423236144102,47.68192977051311],[38.74229811683611,47.68050914539961],[38.73807794678794,47.68098269140222],[38.735088659671476,47.68050914539961],[38.73596786176475,47.68335035694233],[38.73930882971959,47.68335035694233],[38.73807794678794,47.68725677015408],[38.735264500089755,47.687730254906114],[38.73280273422995,47.68926905066647],[38.73086848962507,47.689979248782294],[38.729637606693416,47.69175470176003],[38.73544034050806,47.6949503648039],[38.73544034050806,47.698145832013836],[38.7338577767415,47.69992100695637],[38.72856135587071,47.69873756371257],[38.666021544229324,47.69861921791113],[38.66426314004269,47.69672564854466],[38.66461482087931,47.69435859012924],[38.66637322506591,47.66997163503203],[38.62944673715279,47.66937957693395],[38.62910652500949,47.65367591763177],[38.625589716636284,47.65320212382045],[38.616797695703326,47.64443616291646],[38.45709236648162,47.64419922463591],[38.45691652606331,47.61706268478778],[38.35054120050148,47.616690069603436],[38.35071704092155,47.57613648453378],[38.31027374463355,47.576255108085235],[38.31114594631785,47.554286806418986],[38.30516737208313,47.54491078678794],[38.28441820268421,47.54431731138422],[38.285121564359144,47.50845893749923],[38.29373774487206,47.508340160440866],[38.291627659848814,47.505726997160224],[38.29373774487206,47.503588857709616],[38.293210223615375,47.501094251612216],[38.290220936501015,47.49836192796883],[38.292155181105954,47.49135227360733],[38.285473245190616,47.48357920630485],[38.288462532307136,47.476092180272076],[38.30217808496147,47.47514137046332],[38.303217874283035,47.407065660916885],[38.302690353028055,47.39290202038285],[38.29970106591159,47.391354501219865],[38.28686471535053,47.39123545940228],[38.286337194093875,47.37361430556447],[38.25739738189455,47.37361430556274],[38.24526439300848,47.36420600831164],[38.24719863761163,47.3605136863475],[38.24842952054149,47.356821105959085],[38.24544023342503,47.35003084822657],[38.23812398937099,47.346289238665065],[38.23167914760191,47.34417195799821],[38.23011676171848,47.33901073058803],[38.22191423582984,47.333054841207115],[38.22601549877416,47.33146649058344],[38.226991989951415,47.3296133544774],[38.221328341123694,47.32762777935267],[38.22074244641749,47.305384238215964],[38.33628843836277,47.30625532254436],[38.334140157773135,47.302149903922725],[38.327500017768045,47.30003085343645],[38.32652352659068,47.298044166468486],[38.33355426306693,47.296852118455206],[38.33277307012469,47.29208365766368],[38.32945300012264,47.2887719735746],[38.32691412306181,47.284665197315604],[38.32281286011755,47.28188300643504],[38.32613293012059,47.28002813122609],[38.32710942129782,47.27684819385564],[38.331601280712306,47.2755231635459],[38.332968368360696,47.26889751429991],[38.32925770188757,47.266644604595456],[38.331405982477236,47.2646566634578],[38.32496114070722,47.256704152338614],[38.288440370680746,47.256704152338614],[38.28785447597451,47.23814364761344],[38.260330268886435,47.23826415425515],[38.25310423417517,47.23322519219329],[38.244511111815484,47.23295997039014],[38.23552739298566,47.23136861169854],[38.23279321768976,47.22805312761486],[38.236308585926906,47.224206906247076],[38.2409957435774,47.21956454327591],[38.24216753299072,47.21598301408454],[38.24080044534233,47.20961525374375],[38.23435560357328,47.20470624997],[38.23513679651455,47.20032756600756],[38.237089778860394,47.139774200314406],[38.233183814151175,47.13007568649488],[38.229082551207824,47.12688674764547],[38.22849665650085,47.12223586910568],[38.231035533561624,47.119312251615895],[38.200236699175235,47.097488651188456],[38.17783192924739,47.078789229325366],[38.15012710621863,47.050563641811465],[38.09357709216542,47.02061770690548],[38.08129060543101,47.02521616833636],[38.13212293290124,47.06231782102003],[38.09213162313691,47.10300144732733],[38.06081312753997,47.11038022686682],[38.04105838416251,47.09250542124329],[38.02213700720887,47.086928565844204],[37.979013847885795,47.095621644928144],[37.989132131078065,47.08594435427531],[37.966486449646084,47.087912759228544],[37.89609874376151,47.10824868450794],[37.86068475258563,47.10447728506358],[37.84153880103173,47.10128748563304]]],"type":"Polygon"}},{"type":"Feature","geometry":{"type":"Polygon","coordinates":[[[33.36645437146581,44.562004441769545],[33.52564432316302,44.47253292825556],[33.61928547122167,44.46718699962625],[33.6548691074826,44.41370078287366],[33.71292661927913,44.38693931318252],[33.90582738427736,44.390954313977886],[34.02194240786804,44.38827767738243],[34.166149775877614,44.44312426140064],[34.20922470398415,44.4792146504694],[34.319721258691516,44.528635615835526],[34.41710805267121,44.60068831624682],[34.47516556446658,44.688631530083484],[34.6062631717472,44.76181569839136],[34.80665522859104,44.81232522252952],[35.01266575431694,44.825609856726714],[35.055740682423504,44.793721592552714],[35.12316230902553,44.80833923541883],[35.15687312232538,44.86544539457756],[35.244895801499524,44.915864196873514],[35.2636240311117,44.94901035753912],[35.33666412659588,44.945033828334516],[35.40605080226072,44.9518029976914],[35.38170410376526,44.97962963450533],[35.443507261483944,45.01273898326073],[35.38170410376526,45.029948284336086],[35.48283654366713,45.10005574699784],[35.5970787442979,45.11723878613239],[35.68884706939423,45.09212336888305],[35.778742571531126,45.03788929399906],[35.833054437404286,44.991551203862144],[36.01436962822771,44.982279086398336],[36.141721589586155,45.032595409989966],[36.3158941249722,45.02465366572457],[36.50504924404942,45.08947899797755],[36.456355847058404,45.17799877405244],[36.59610159983092,45.25106959687318],[36.55921791605283,45.314867220555044],[36.67601624801668,45.381831485073036],[36.60071206030304,45.447638366528054],[36.28720074818864,45.49828972550523],[36.05206726410353,45.450872792123306],[35.98137353686204,45.40125788464448],[35.90453252899107,45.48536179129209],[35.743166412462244,45.45949702028486],[35.68630406663715,45.36239840821702],[35.52801159042309,45.297573259798895],[35.016066922235694,45.775116972592315],[34.95958384321622,45.756780736182264],[34.81478001915352,45.78297180893384],[34.78644272957192,45.846819029053165],[34.75986220800078,45.91371916924649],[34.638205205422906,45.96846033214848],[34.55846364070919,45.984090737500026],[34.517570530599045,45.94998234685025],[34.461342504197944,45.95282551490553],[34.409203788807815,45.99545553396953],[34.36831067869761,46.035923657479344],[34.31923894656563,46.0579202043489],[34.19349263297687,46.064304657985446],[34.125757705683725,46.0871113194228],[34.08997623433714,46.11688336499168],[34.02659191366706,46.10625233714384],[33.92954898522561,46.1310548789786],[33.85900837028518,46.17567132091338],[33.766451824146515,46.195079908355666],[33.738314801528475,46.18550042177148],[33.68923699337245,46.204786805218475],[33.67099427074601,46.211738381284306],[33.66629242300431,46.22087289073173],[33.65146232390606,46.22668435546643],[33.64667001305892,46.22950055164756],[33.62358218037201,46.22722058347122],[33.62280779872614,46.227205272330394],[33.622275941405434,46.2277308971008],[33.621588285126535,46.227784532668835],[33.621157733961894,46.227013615369344],[33.61520521543483,46.22625868554573],[33.617927563316954,46.216008337264384],[33.61371731390054,46.214594711345796],[33.61355540175248,46.2139504970246],[33.61395275483241,46.21357979636784],[33.618558472364526,46.21378591231229],[33.635518973192035,46.14653140350711],[33.6412811941114,46.14241022998857],[33.63907717007865,46.1410734337166],[33.61405485605522,46.13477587161378],[33.620227020202236,46.10513307745404],[33.6267677859405,46.08080385263759],[33.598523570254685,46.03706675658799],[33.59675326448391,45.942846068804926],[33.68755254261316,45.93485313815023],[33.66801345744673,45.894071269167114],[33.608246843993584,45.894871201714835],[33.46572645807075,45.88527125065448],[33.31401120853877,45.806809541998234],[33.235854867871524,45.77234753267527],[33.17723761237073,45.81001422708397],[33.12206843072289,45.741874998454676],[33.045061448005214,45.718608447616276],[32.47616104837053,45.42079997099256],[32.46466746886088,45.36510829567038],[32.485355911978274,45.31340318940113],[32.65546088872577,45.30855341494609],[32.792234484895175,45.3416852694933],[32.9221119333574,45.33522203899659],[32.98417726271106,45.291575936319305],[33.08417140444806,45.22766274472855],[33.207152705204436,45.14179277443705],[33.32783529006031,45.124765426719534],[33.420933284090125,45.16124637529967],[33.54003888598098,45.081016727652724],[33.55268182344301,45.02742807885576],[33.57566898246239,44.96159155916061],[33.589461277873994,44.90300671158502],[33.52854530647133,44.83213695381298],[33.529694664422266,44.765260293762566],[33.521649158765484,44.679512373023954],[33.49521392589281,44.629391709684285],[33.37338198308598,44.59830095652285],[33.36645437146581,44.562004441769545]]]},"id":"80c27733-0eea-4845-93f5-e8938d4a79b3","properties":{}},{"type":"Feature","geometry":{"type":"Polygon","coordinates":[[[30.2053584047446,45.25093898889179],[30.203785359269972,45.25238425902515],[30.199972723628235,45.25210271577956],[30.199546135024775,45.25756440563612],[30.20341209424174,45.25715151273047],[30.207171406308163,45.25839018244045],[30.209135825948124,45.25645709516357],[30.206709603267512,45.2551620775576],[30.20785606013871,45.2519900980906],[30.2053584047446,45.25093898889179]]]},"id":"f917e000-b480-4b98-bd48-768a0009e26f","properties":{}},{"id":"e35d7e0c-8142-4cb8-9679-a61a36a541cc","type":"Feature","properties":{},"geometry":{"coordinates":[[[36.152188980841885,50.23470429941483],[36.170382947338226,50.28831785330556],[36.16658338522666,50.322640450137044],[36.18532049675753,50.342563920066],[36.230894363274274,50.3721130149728],[36.21831791318192,50.38034028394739],[36.18718676917666,50.40574508112576],[36.177534354453115,50.4018034684845],[36.16936688187141,50.41047459873383],[36.15921945999858,50.433327245960385],[36.11838848600286,50.43695113823773],[36.07484464126205,50.45102442961456],[36.016023095381996,50.445598887228016],[35.972972444054164,50.43610271281699],[35.94313539503696,50.37446693731718],[35.965280770514966,50.315417649989854],[35.96240216152526,50.27503727083058],[36.00411137867897,50.259677229720324],[36.00805650153026,50.20544890045326],[36.083453767684404,50.130509946192376],[36.09553550360104,50.08030237720544],[36.16844207035146,50.097934411365486],[36.2133771258722,50.135848074450365],[36.25712106592243,50.14412102417603],[36.3175057031734,50.12689289920891],[36.339314048790015,50.15144085863142],[36.336704817456194,50.160463420626456],[36.327833492233566,50.1661434059518],[36.3317472974297,50.19136113582556],[36.33070363834008,50.20321387247989],[36.31661376684073,50.22257257900549],[36.26258748177696,50.229056346503455],[36.1681645110902,50.225702231220055],[36.152188980841885,50.23470429941483]]],"type":"Polygon"}},{"id":"f69994ac-a5a8-4f42-b0df-cf0153ffbc79","type":"Feature","properties":{},"geometry":{"coordinates":[[[36.39429919517181,50.211828698129324],[36.31661376684073,50.22257257900549],[36.33070363834008,50.20321387247989],[36.3317472974297,50.19136113582556],[36.327833492233566,50.1661434059518],[36.336704817456194,50.160463420626456],[36.339314048790015,50.15144085863142],[36.316366235458275,50.12560948398871],[36.33519095478729,50.08386243743283],[36.360261205392305,50.05545545109254],[36.362830466926965,50.05377438910969],[36.40857087890154,50.00563589493609],[36.422217947943665,49.98103464340551],[36.4584207564548,49.986515902143424],[36.494623564965934,49.99199716088134],[36.53821854093579,50.03192824636173],[36.58828593961576,50.033128781786274],[36.620508256823854,50.02753083311333],[36.66561957379869,50.03434564306707],[36.74298251450091,50.04187179292265],[36.80013303694574,50.0472298776495],[36.813617966247165,50.07936558500961],[36.673156757345936,50.17121685534809],[36.64976606344945,50.1847848307529],[36.62613449272337,50.17707636185207],[36.661259959155814,50.139290056521475],[36.73503275308087,50.08003428874338],[36.714975480685865,50.06251259757232],[36.6498452684647,50.05118671766448],[36.58555871081839,50.0583936387703],[36.531341186902495,50.05342346876802],[36.49750832430081,50.03529721952381],[36.45800699135637,50.03181646679943],[36.43942280302761,50.08648484698364],[36.400308726292934,50.1048592976764],[36.38597987425905,50.11503668628902],[36.39682337904205,50.172337286681056],[36.39429919517181,50.211828698129324]]],"type":"Polygon"}},{"id":"6d2557de-6276-431b-ae10-57a905bca547","type":"Feature","properties":{},"geometry":{"coordinates":[[[36.832776443035925,50.31207265388571],[36.81752127065383,50.31325522388093],[36.78609007208709,50.302757017753265],[36.76745054823266,50.30252369886014],[36.76452676029194,50.29178974888018],[36.74625270505058,50.28735544714229],[36.72823786876984,50.27703590431622],[36.719436370847234,50.27686808849555],[36.70682524442623,50.269399656449366],[36.69881195856672,50.26570696612126],[36.69447686939009,50.26914788763921],[36.6883459439091,50.2666172745989],[36.68269723811568,50.2569647542075],[36.68412120610563,50.249997632818605],[36.67790800546334,50.236448176881225],[36.663654339187445,50.221960045448384],[36.64611126020907,50.21798670340209],[36.62613449272337,50.17707636185207],[36.64976606344945,50.1847848307529],[36.673156757345936,50.17121685534809],[36.813617966247165,50.07936558500961],[36.80013303694574,50.0472298776495],[36.83706394605426,50.03876192089632],[36.88790295548944,50.05614620525452],[36.90817700892947,50.07551794352034],[36.9178387101353,50.11013120364052],[36.93234641347246,50.120669495383424],[36.97193412075342,50.13428675024855],[37.06958002540986,50.136961481341785],[37.15904669294207,50.136561127387836],[37.24604782475129,50.07878926033004],[37.36339706787007,50.02943651037609],[37.407030520022516,50.03733561753296],[37.44362559050916,50.06755285307585],[37.36378569910539,50.1198712444677],[37.29449742955259,50.18059455789904],[37.24003913677015,50.257328776035706],[37.14977949797833,50.35479835348656],[37.13909114552462,50.361107065042404],[37.10177137966127,50.35783793665132],[37.10454382174447,50.35163698554757],[37.04555516715257,50.344710265365364],[37.037479563907056,50.3488509510687],[36.99282635466406,50.3486489701728],[37.021559449473045,50.303653996295054],[37.00212947682681,50.29297684324828],[37.00189060440857,50.27650249460601],[37.011149649359936,50.26042262167016],[37.10680944342397,50.21705544069155],[37.14260230412657,50.2100724883899],[37.18112662731653,50.19416142727721],[37.19508544459998,50.1844152512042],[37.241034411984145,50.18356733583656],[37.2556567306012,50.17385729130038],[37.289519966391225,50.12246458864084],[37.3052128144447,50.11062493546302],[37.29702201587406,50.10439797060877],[37.38603256082445,50.075827697370386],[37.39880127334743,50.06848780443528],[37.3925827306054,50.05412390214829],[37.37566833472931,50.05731624927333],[37.36715242823459,50.070700565852434],[37.28864675599007,50.095158361271444],[37.26117385551254,50.11919393613826],[37.249625002696575,50.14085181388526],[37.23829275652733,50.153611951472016],[37.23628219357448,50.17058117015114],[37.1848794490094,50.17632541710162],[37.17044961764114,50.18557082516742],[37.13559640837005,50.195662038698174],[37.10008433748945,50.19852461113862],[37.03250429816822,50.21200197609815],[36.97101495943036,50.20882403342384],[36.93062291524897,50.17570798310778],[36.86266526310476,50.10031937965783],[36.859199651176084,50.07481804986875],[36.833272876814505,50.076494617190804],[36.80935528844424,50.09459583968558],[36.81222011796177,50.12895536770142],[36.86399918173717,50.18461738766197],[36.88085857098959,50.231717259142776],[36.88773068253076,50.271811989759726],[36.86935795356075,50.30920629093069],[36.87350348719181,50.32057502588964],[36.886590181333474,50.33824968661406],[36.87168855858221,50.33843249369187],[36.85283634139938,50.32792204387718],[36.832776443035925,50.31207265388571]]],"type":"Polygon"}},{"id":"2dbccd31-7e32-4b48-b2e3-4b107ca53891","type":"Feature","properties":{},"geometry":{"coordinates":[[[40.11026582618979,49.38864435232995],[40.10475421727676,49.39257898266433],[40.08494235547761,49.37919332108018],[40.08747528245274,49.3670778726526],[40.124177996338375,49.34698759962092],[40.15973771350258,49.343762471567345],[40.17057005110337,49.35616879157132],[40.15935257186413,49.36576567284436],[40.145553981967936,49.36090172915911],[40.12564538794601,49.36861541549271],[40.10727042601718,49.37518013361341],[40.104834688364775,49.3830097163997],[40.11026582618979,49.38864435232995]]],"type":"Polygon"}},{"id":"33752cac-dce1-4fa0-8cd8-d963633e8271","type":"Feature","properties":{},"geometry":{"coordinates":[[[29.343734864265215,51.38997173876503],[29.316325033780657,51.3787717561909],[29.274147883348235,51.35977764524171],[29.297891087783995,51.3150260737294],[29.275970215040246,51.26310370987548],[29.290284806366657,51.221766220541156],[29.415850086489627,51.04272266527832],[29.365756079800974,50.87783771086555],[29.51031309237007,50.67793390986958],[29.745879495386504,50.600682237848616],[29.899024095637344,50.583427791036314],[30.140952560343493,50.565814594754386],[30.157882364142324,50.552219601763454],[30.224048393061196,50.522917833541186],[30.237067382104385,50.497762138999434],[30.268312966934786,50.49279564876903],[30.301010657680564,50.4921064636774],[30.32010076822519,50.4980018826287],[30.336190979289,50.501902849902166],[30.356917407912107,50.50354983224864],[30.374619432322817,50.50745035518915],[30.38198278356316,50.520189801143516],[30.361120001169496,50.51906332191723],[30.341653133322325,50.529777741120625],[30.30112083934887,50.548721563532666],[30.297671059517683,50.56116952731608],[30.269320356790473,50.58164259184437],[30.26551587666478,50.59182150079283],[30.28839927149474,50.62594985846221],[30.422877326793554,50.674194312414244],[30.386829189529976,50.782088045321416],[30.27253381561087,50.775887985560075],[30.22166484542049,50.75284769238431],[30.17439141499713,50.701880805272566],[30.201959190301267,50.64292592816773],[30.190742500610384,50.624285842993544],[30.22882066657138,50.59559267206555],[30.24863846606266,50.591247265977785],[30.259680393481517,50.58949944336243],[30.267580610392372,50.57611860797161],[30.26576851929724,50.57581022993463],[30.256909991505353,50.58792314176978],[30.247403675195756,50.58903234257653],[30.227635000064424,50.59282566598378],[30.22025633375955,50.59383186815455],[30.21563104326279,50.59184672137957],[30.213804442994785,50.58648370151619],[30.187865964027765,50.57999324020554],[30.171434054963868,50.603373044006815],[30.108438593318112,50.62630512273],[29.98965944482589,50.65019612583376],[29.97699487419453,50.6745438594138],[30.000051046370004,50.718874864041446],[30.015862025662727,50.79995539184216],[29.8986397851707,50.859081840860085],[29.800156935354366,50.8999707367243],[29.681858477551398,50.976004273004484],[29.386102064082337,51.22182240457133],[29.377571479163972,51.27925783075294],[29.343734864265215,51.38997173876503]]],"type":"Polygon"}},{"id":"32794f3f-fdd5-4f55-b7fc-0ca89da55338","type":"Feature","properties":{},"geometry":{"coordinates":[[[28.999316445284904,51.57501122761494],[29.000640505448587,51.537575089011256],[29.015189163556613,51.5181147539694],[29.076992827231436,51.500502907615214],[29.26253421619009,51.480356214612186],[29.248032813968393,51.49819066551834],[29.25390243442186,51.51945397122353],[29.265613468898152,51.53161720731461],[29.25421956269352,51.571957926353576],[29.2124852525111,51.568019986371354],[29.206673877308077,51.58578083612301],[29.204618732937035,51.6072757608155],[29.17726981702225,51.60825701766018],[29.187927432980445,51.62897462329147],[29.164448914287192,51.63025988948948],[29.177426678339202,51.647725514976486],[29.164158293994632,51.651843746541516],[29.122728795852993,51.65076464691029],[29.116493118071247,51.65800114716299],[29.05691175423334,51.61159479717534],[28.999316445284904,51.57501122761494]]],"type":"Polygon"}},{"id":"be6172f4-105d-412d-93bb-e29fac3306a9","type":"Feature","properties":{},"geometry":{"coordinates":[[[35.58701949318271,50.43071747496779],[35.581651534715434,50.408320773914085],[35.56184556990482,50.405962613356735],[35.505640369125445,50.39816283350672],[35.47694045909711,50.39356331706756],[35.372865409288835,50.34728652937608],[35.212227079523984,50.31957461002028],[35.0952741824687,50.269568768487716],[34.966379244826584,50.29335202761982],[34.95778829612712,50.31756220069434],[34.93385615269696,50.34324929668227],[34.93299073418129,50.35156206463836],[34.937340966726566,50.383658330160074],[34.91605795328337,50.39081038924425],[34.91841757780031,50.448276983220154],[34.92607531542009,50.49791572702941],[35.02439900116187,50.53536356842463],[35.06341427588194,50.58627442413342],[35.00721193670867,50.64945592391226],[34.86876519635078,50.79265001914828],[34.777595436116115,50.817631592670494],[34.79162886820575,50.846152534216316],[34.864619402907266,50.85612478618623],[34.95479054869361,50.88162123439133],[35.073412313846575,50.85239715935424],[35.13327842487661,50.886075949526344],[35.200683272901344,50.99026341208012],[35.261844017150324,51.00455867948986],[35.2162479539808,50.856996215433554],[35.31790790930677,50.84469946547685],[35.41308712850335,50.82018412070272],[35.41634124425022,50.79512061705137],[35.3186809920733,50.750600611960266],[35.391688823329986,50.57981824274407],[35.427758508739885,50.56200104874392],[35.43553738471397,50.52989851917329],[35.445757401622586,50.52256593845607],[35.46384059634008,50.50380723329269],[35.47610386891651,50.48821334708697],[35.49863085161485,50.483614235825655],[35.50859381918343,50.47707658131014],[35.53112015022839,50.466544950952795],[35.537785776060105,50.46164606346798],[35.53800262530264,50.45995228390981],[35.50294368298583,50.4442480148102],[35.49827887489269,50.4392807519944],[35.48241052985347,50.43698561604697],[35.45348777255043,50.42625937335359],[35.43200454098249,50.42091074499234],[35.408411420234444,50.42326237404333],[35.39021814545998,50.43394065901791],[35.35448189595709,50.4081419670259],[35.31181974008692,50.39617542933746],[35.28877902837729,50.3614822307415],[35.267165078274985,50.35271368756361],[35.23582093693244,50.34290220866882],[35.16455821060913,50.34188471876175],[35.14809270566795,50.34773262949159],[35.11775327662116,50.36830065315823],[35.09489126931376,50.36696428777796],[35.064759786090605,50.36309937383129],[35.00991159352267,50.377856690476875],[34.98327873416872,50.355080053816806],[34.97165757151146,50.338075961996225],[34.98764618946524,50.319487307670784],[35.06373120797781,50.31198845636533],[35.14434495058495,50.326256420925404],[35.26351147174759,50.33296600490044],[35.30935461927436,50.34235149448],[35.32839191330871,50.37055437040959],[35.37341150759201,50.39540643525953],[35.39888683375332,50.391686561679364],[35.440999895876246,50.40719950702109],[35.46501703311429,50.411363944681625],[35.49036930719453,50.409753249021776],[35.507523120774295,50.41457045948309],[35.50705528714815,50.42743052235514],[35.504085772698886,50.43217571062033],[35.53549301771827,50.44921699514259],[35.54644408236166,50.457473493895634],[35.556497687069964,50.45463099451882],[35.56494769849766,50.45091426873094],[35.571409488339214,50.4562915664732],[35.56114013071408,50.459784895196634],[35.56868734772053,50.46405766032689],[35.58644559078746,50.44893716302266],[35.58701949318271,50.43071747496779]]],"type":"Polygon"}},{"id":"68fb20a4-406f-4f0c-a181-8609b08e7adb","type":"Feature","properties":{},"geometry":{"coordinates":[[[34.09050133901849,51.676813998098766],[34.01228321000508,51.67404382614609],[33.91786265196404,51.69273939750494],[33.91222560612804,51.69230881792315],[33.92101542214061,51.66764183045308],[33.929821466941576,51.63896368702646],[33.96233060762191,51.5592954487706],[33.94016792888533,51.498687527282755],[33.94344379250353,51.46257014024053],[33.93822902956023,51.38493909121598],[33.89652324604393,51.33817306907446],[33.94543784708122,51.331799034857085],[33.950143721006754,51.3154105339128],[33.95276246991003,51.27619292185719],[33.921141515109525,51.22054453016864],[33.8637970534071,51.18210345866771],[33.84163278830286,51.18066540017708],[33.807763372372364,51.17073481952201],[33.79050914470625,51.175139782954716],[33.7802844460206,51.19851905009111],[33.807459119093835,51.20980197699575],[33.82760067531987,51.214462463226255],[33.85810488362421,51.20861393332632],[33.879681183030755,51.21983495381747],[33.90484471332101,51.2540712374024],[33.92058121167261,51.306683862044395],[33.91563393319521,51.32333831756449],[33.882977950965284,51.317993899831094],[33.872425372732664,51.32351644870698],[33.87173179896041,51.346802435126165],[33.91080494704184,51.38562332659433],[33.90471048607259,51.441147895641734],[33.91916223716413,51.46850574008806],[33.91232743397583,51.496381566841194],[33.93112340769957,51.56536146334844],[33.9108984286419,51.63791775664026],[33.89078775620117,51.69066877242466],[33.86813835519962,51.688931672294046],[33.87596016810082,51.65049027312827],[33.886264874977996,51.62595915444089],[33.88153030660641,51.556570698587905],[33.870846364859375,51.492895165450676],[33.85392092251823,51.33576742042408],[33.85955360369408,51.28597515926131],[33.816773827716105,51.2263702421846],[33.72286063071442,51.19411595609998],[33.5890038024485,51.20131310431253],[33.49043485018484,51.21049404453103],[33.36050734302157,51.21142796507215],[33.23568593665698,51.229783956689744],[33.22977756214257,51.25410814875434],[33.21345540810822,51.24870248669595],[33.188927545841295,51.23077597360373],[33.16365288852316,51.20498899970457],[33.14059573195304,51.190834936026555],[33.0851443207479,51.156740847267315],[33.17238563920591,51.14746246859815],[33.22705415254845,51.16796789435625],[33.298991157866936,51.157728825440245],[33.337041075671635,51.1387660225237],[33.421922046316666,51.08611878487105],[33.55793486674463,51.01374411389091],[33.77377662410805,50.941324561532525],[33.944779800893684,50.933391323144775],[34.147571994780066,50.92910638730399],[34.37365646789209,50.92028572352288],[34.65269991244051,50.85309542496296],[34.68838395764766,50.92354746244587],[34.560702340442674,50.938848849993946],[34.47286280301441,50.93714897163309],[34.377546057354834,50.933071341341304],[34.34068712672192,50.93827862968317],[34.346732535367465,50.95141908184385],[34.3742735095997,50.9541139096188],[34.46876736944586,50.9563746962215],[34.559720896757796,50.96217742250943],[34.569076431299166,50.96163337798307],[34.62475562411154,50.95837978843693],[34.68271086738488,50.95786308801619],[34.57904808529466,50.97630640897452],[34.39228500726838,51.07589318348027],[34.24973506116678,51.145609095752285],[34.12320710094983,51.199961709810225],[34.11785086783561,51.258025371950126],[34.218329129772755,51.26449095432824],[34.22215295869586,51.26473527576695],[34.229802702530066,51.262402604816266],[34.230582932174826,51.2652617717923],[34.23153438145329,51.26774377565971],[34.23405930001567,51.26943309416495],[34.23140857978464,51.2709452360487],[34.23178060947458,51.27298073093354],[34.2350358816758,51.27469629483599],[34.24084886916961,51.27536505515735],[34.247080388822525,51.27615011125917],[34.251924374171665,51.275232763733214],[34.254177110706536,51.281976772197],[34.24467085620208,51.28442779265512],[34.24330704368103,51.28454323328478],[34.23770759655369,51.29236260359539],[34.23947831720878,51.29342177768183],[34.12328372006738,51.3364790034463],[34.053815690888854,51.36015307861217],[34.00165993699369,51.462935006785926],[33.99544570286827,51.54693518599507],[33.9481811641125,51.62636981749725],[33.97764373581927,51.65326192248426],[34.08100341482751,51.639748537988794],[34.12625818094634,51.64425346554307],[34.09050133901849,51.676813998098766]]],"type":"Polygon"}},{"id":"edbe74a1-40c1-490d-8c5d-bcceaaebc7e5","type":"Feature","properties":{},"geometry":{"coordinates":[[[34.350329418331796,51.86198298219941],[33.91786265196404,51.69273939750494],[33.91222560612804,51.69230881792315],[33.89735169016063,51.71967488842131],[34.01886679898676,51.76242251773506],[34.32987728508263,51.87089647542641],[34.314245403630494,51.8777044246331],[34.17184615630753,51.830141350372124],[34.02344377829917,51.79333242710669],[33.87585722279144,51.73135089827582],[33.85062689460881,51.716801812989786],[33.674500802201464,51.65685251216888],[33.35869481185125,51.52476020525586],[33.2068905119628,51.44236472075127],[33.064717746598944,51.40707346945547],[32.98651772957916,51.37031316846706],[32.9108322397052,51.348134320023746],[32.87771715729971,51.32657093926119],[32.74577998534457,51.292966296831366],[32.755113310736704,51.28150280750751],[32.780538029154826,51.24095698314832],[32.779617965819,51.17780427412853],[32.810607738646326,51.160571582978264],[32.84487107131119,51.156057193936505],[32.86582188690204,51.180539019340785],[32.856437669603764,51.21266025257654],[32.82662680281959,51.24735260913468],[32.800623421042644,51.29086410098404],[32.89062624384499,51.317843154078446],[32.930157671167194,51.33956899425479],[32.99967182920781,51.35782050587437],[33.074722936107264,51.393667060872986],[33.228908830159696,51.435269290511144],[33.38324397463904,51.50823237903492],[33.70125723688462,51.642462702304265],[33.863769650323064,51.70154365456011],[33.89078775620117,51.69066877242466],[33.86813835519962,51.688931672294046],[33.67940650890375,51.603355170298045],[33.32043891023011,51.460715722711],[33.053895120405514,51.36308453787572],[32.94749475322013,51.32321898271411],[33.01126721771331,51.28926509343509],[33.091656635232,51.27017253872987],[33.150429023018546,51.27326155862542],[33.22977756214257,51.25410814875434],[33.21345540810822,51.24870248669595],[33.18777093802244,51.22959667079521],[33.16365288852316,51.20498899970457],[33.0851443207479,51.156740847267315],[33.05710240895786,51.173339577685994],[32.992060878400906,51.21846765951574],[32.9178539883969,51.265398156330576],[32.85137493362353,51.28235112925364],[32.88869886583208,51.194237363749465],[32.85929212953411,51.12759790556058],[32.73487904230589,51.15986627298878],[32.75014793739115,51.20875768807937],[32.70660335988205,51.26997585794598],[32.721872254968815,51.30497156577445],[32.85811440785787,51.33632092825792],[32.998405580062155,51.41202773655132],[33.293339858980005,51.51131271829729],[33.43101151682424,51.58285045527123],[33.585295690921555,51.65096036244469],[33.82727238429007,51.739776216857535],[33.97122668274642,51.79420879599354],[34.30265139645121,51.88275114243382],[34.3239437514043,51.878204272645036],[34.350329418331796,51.86198298219941]]],"type":"Polygon"}},{"id":"ab28e189-9fec-4ae6-a99d-531cfeec89db","type":"Feature","properties":{},"geometry":{"coordinates":[[[36.886590181333474,50.33824968661406],[36.87350348719181,50.32057502588964],[36.86935795356075,50.30920629093069],[36.88773068253076,50.271811989759726],[36.881654982537015,50.233939825503796],[36.86399918173717,50.18461738766197],[36.81222011796177,50.12895536770142],[36.80935528844424,50.09459583968558],[36.833272876814505,50.076494617190804],[36.859199651176084,50.07481804986875],[36.86266526310476,50.10031937965783],[36.93137954322802,50.176545786423475],[36.97101495943036,50.20882403342384],[37.03250429816822,50.21200197609815],[37.10008433748945,50.19852461113862],[37.13559640837005,50.195662038698174],[37.17044961764114,50.18557082516742],[37.1848794490094,50.17632541710162],[37.23628219357448,50.17058117015114],[37.23829275652733,50.153611951472016],[37.249625002696575,50.14085181388526],[37.26117385551254,50.11919393613826],[37.28299096046911,50.09999323540893],[37.28864675599007,50.095158361271444],[37.36715242823459,50.070700565852434],[37.37566833472931,50.05731624927333],[37.3925827306054,50.05412390214829],[37.39880127334743,50.06848780443528],[37.38603256082445,50.075827697370386],[37.29702201587406,50.10439797060877],[37.3052128144447,50.11062493546302],[37.289519966391225,50.12246458864084],[37.266989015815454,50.15513357305338],[37.2556567306012,50.17385729130038],[37.241034411984145,50.18356733583656],[37.19508544459998,50.1844152512042],[37.18112662731653,50.19416142727721],[37.14260230412657,50.2100724883899],[37.10680944342397,50.21705544069155],[37.011149649359936,50.26042262167016],[37.00189060440857,50.27650249460601],[37.00212947682681,50.29297684324828],[37.021559449473045,50.303653996295054],[36.99282635466406,50.3486489701728],[36.93780349559569,50.35021961470372],[36.915440298510134,50.34672001011711],[36.886590181333474,50.33824968661406]]],"type":"Polygon"}},{"id":"77132e43-f14e-4079-b9da-566e2241cc72","type":"Feature","properties":{},"geometry":{"coordinates":[[[36.37946690157969,50.29255500630586],[36.37574550306877,50.3000036811591],[36.39940601390711,50.30658612861899],[36.411492407444996,50.313118731101326],[36.42494336072164,50.327736062744236],[36.43293598134477,50.330472424219835],[36.440195928487924,50.31088353299998],[36.4736081104021,50.31328998523614],[36.48741023232597,50.31199449722388],[36.49092840014475,50.306984939717694],[36.49579976279989,50.3027523155109],[36.5032420597812,50.29826013773567],[36.513796649960085,50.294631531657416],[36.52638093121982,50.2932491333909],[36.523659631658944,50.286369319422136],[36.557343285857854,50.281319198001626],[36.56087435229958,50.28420078767556],[36.568773954875496,50.28584424618856],[36.58187879181523,50.28631379270959],[36.586572723891834,50.28545359106491],[36.58990461737707,50.279159205614576],[36.59340950690651,50.277956439169856],[36.59366235427194,50.27554193592846],[36.57481986261675,50.27510457562113],[36.58021889776251,50.26264780517798],[36.5749278210607,50.26060797517414],[36.57771847477784,50.258596589381426],[36.573967840301776,50.25525835650416],[36.569391899646064,50.257236519560166],[36.56071176346606,50.250741938877944],[36.569331769200964,50.24437688017575],[36.59405850214185,50.23209355474944],[36.5958294045939,50.22918683994345],[36.61309240772741,50.22341684068721],[36.616231103188056,50.22768168858968],[36.63996774559217,50.22191150722645],[36.64611126020907,50.21798670340209],[36.62613449272337,50.17707636185207],[36.661259959155814,50.139290056521475],[36.73503275308087,50.08003428874338],[36.714975480685865,50.06251259757232],[36.6498452684647,50.05118671766448],[36.58555871081839,50.0583936387703],[36.531341186902495,50.05342346876802],[36.49750832430081,50.03529721952381],[36.45800699135637,50.03181646679943],[36.43942280302761,50.08648484698364],[36.400308726292934,50.1048592976764],[36.38597987425905,50.11503668628902],[36.39682337904205,50.172337286681056],[36.39429919517181,50.211828698129324],[36.31661376684073,50.22257257900549],[36.26258748177696,50.229056346503455],[36.1681645110902,50.225702231220055],[36.152188980841885,50.23470429941483],[36.16006394576664,50.25865565692308],[36.170382947338226,50.28831785330556],[36.16658338522666,50.322640450137044],[36.18532049675753,50.342563920066],[36.230894363274274,50.3721130149728],[36.233873000843346,50.36367331325306],[36.242808948897846,50.357764621453384],[36.25538543434075,50.355759726361725],[36.283943343430735,50.3355689088589],[36.27850724310946,50.330656560019236],[36.27397014757318,50.32409661453582],[36.28030890031627,50.323179364193436],[36.27648792141059,50.31610006698648],[36.2850572786146,50.305526436773704],[36.286344908318824,50.29865145119766],[36.29878260759318,50.2994480895064],[36.29569135723554,50.291808093856815],[36.353565654227395,50.288529786462675],[36.361859032543464,50.28733965977091],[36.37946690157969,50.29255500630586]]],"type":"Polygon"}},{"id":"dba24585-75ba-4001-ac5a-e59d16b2c350","type":"Feature","properties":{},"geometry":{"coordinates":[[[30.94267543136567,52.02541612457043],[30.97732472108555,51.99392067941571],[31.009801826114625,51.92208192872164],[31.052144706697703,51.78533490477653],[31.082798519582354,51.75021873305914],[31.16555002716686,51.63061753775315],[31.183650431042565,51.595559026602444],[31.20878582303169,51.558497849339005],[31.25106968136123,51.554556509310515],[31.29258131314154,51.54181598559819],[31.333517456933464,51.53384129510462],[31.348460211145692,51.549015883192055],[31.333906529452975,51.558077594203326],[31.328650207983856,51.58664527547549],[31.31030462629667,51.6151178468844],[31.270009644210333,51.632244115337],[31.23886269842231,51.65211996488213],[31.174950580806268,51.759167278700346],[31.16245538908632,51.80134842825555],[31.170383503076494,51.93209033818542],[31.1138492427537,52.03648958286888],[31.026386258804678,52.08442098422208],[30.989087959809098,52.078355281100045],[31.038037075048493,51.9922439829881],[31.12371896060452,51.796451395232026],[31.15361089871743,51.76704837261528],[31.20193464313787,51.68646118351372],[31.240944230771703,51.61455901625587],[31.292436404741863,51.61421336673655],[31.309154512848778,51.597407188715806],[31.312853211569518,51.579400221422134],[31.318192698532698,51.56405954058866],[31.3164173288354,51.55348734161626],[31.279726212867473,51.55495840254042],[31.24148818684634,51.56927414590595],[31.21319913780721,51.59983304317518],[31.17599562980979,51.67827225165672],[31.126695061074287,51.74770529584478],[31.06592736687142,51.788477381400355],[31.06977416505444,51.81204159686817],[31.010866844063173,51.96852334580507],[30.950518789150294,52.074568833764516],[30.936224240808144,52.07591438940318],[30.931438774253564,52.07139159188159],[30.937451285866757,52.06264622214326],[30.945549785876665,52.06030880855553],[30.947426582050298,52.05140662105319],[30.933561112456317,52.03753126992868],[30.94267543136567,52.02541612457043]]],"type":"Polygon"}},{"id":"971ef365-556e-4d22-8183-8c84d6e511c4","type":"Feature","properties":{},"geometry":{"coordinates":[[[31.77242235402906,52.11187118769112],[31.723829681798577,52.09491141508667],[31.71224192841845,52.10521015096177],[31.657245740532403,52.118350165308726],[31.59020967104729,52.11444871083745],[31.516238799568725,52.12544276748878],[31.491967116044435,52.11480340779286],[31.465383852432097,52.12189660275348],[31.455559590759492,52.142105983986795],[31.406438344122705,52.142105983986795],[31.37995110239845,52.133582223453374],[31.386885780939053,52.1179798157859],[31.423775349104943,52.019290355496395],[31.504652809446895,51.90781147312799],[31.565682621144077,51.851600899403536],[31.512727705579834,51.78822814297041],[31.521244866696378,51.762808240291804],[31.53270298939168,51.69892765193691],[31.471282370575608,51.59294233328214],[31.432789396529103,51.5410544800354],[31.463298676921198,51.51520695342876],[31.496096205279258,51.520187894067845],[31.560547036177127,51.52587970895965],[31.564742014876998,51.58986387897153],[31.61431529305571,51.6861687341825],[31.625456339616136,51.75973576470162],[31.65159547068299,51.792577836291855],[31.692923605684285,51.86044416358479],[31.811011495858395,51.84583824536816],[31.924778808459507,51.757698432411445],[31.979629083712723,51.76078321479318],[32.0281960224431,51.800659176837115],[31.953954389957232,51.84823284048841],[31.856997012017246,51.90361503754599],[31.851853405992017,52.00280178451291],[31.85863925813473,52.01396857880326],[31.92243698897903,52.041584951564914],[31.919399370076917,52.05558807007742],[31.95547026314628,52.060254788687956],[31.959267205662883,52.0810158005998],[31.909907034063906,52.09873666405147],[31.857509365231465,52.11272183790311],[31.82561509676293,52.09873666405147],[31.803871349347304,52.09852120209217],[31.791770365524854,52.11148500299575],[31.804257091539142,52.07816286745549],[31.841004044725082,52.05217600111621],[31.796863779512933,52.00893515292017],[31.74503987205199,51.95199295547525],[31.676291302019138,51.90958898233262],[31.782066234014536,51.89828000414877],[31.84440466685794,51.879114021357424],[31.90950049453903,51.85671280784587],[31.92488023873446,51.841112227832355],[31.956826425685335,51.83760321447096],[31.973964735994684,51.82062829841641],[31.96627132957451,51.807806451876246],[31.946981492962863,51.79769088161203],[31.93423286471551,51.80451978066142],[31.908900013784375,51.82835296904298],[31.89099338760269,51.84412048673005],[31.822482607421307,51.865240855713665],[31.75761828141657,51.878349317128766],[31.655657612953917,51.873984944221235],[31.625622813119634,51.83541189045047],[31.618864366797368,51.80002809037518],[31.587533312067677,51.78760908934555],[31.544483073965893,51.79751499489117],[31.547592291464696,51.814955942863634],[31.58802750200826,51.84021550595267],[31.578218863296996,51.872557703661414],[31.581933540084947,51.89799308939351],[31.6589754657748,51.93854726355033],[31.70867266681418,51.97596064830225],[31.761503512190785,52.012489597174834],[31.78946580858772,52.05004525593853],[31.7725945955834,52.075039566763024],[31.77242235402906,52.11187118769112]]],"type":"Polygon"}},{"id":"a14c4781-a084-43dc-8112-1034bd08222a","type":"Feature","properties":{},"geometry":{"coordinates":[[[33.176893835904536,46.12735593182859],[33.20331877072837,46.09446686781165],[32.99961470894982,46.08932442748153],[32.911794973077264,46.09034300383394],[32.7620555780465,46.116284996199],[32.672212100967215,46.27168073093492],[32.46733346938365,46.475540888659054],[32.526723936948,46.55878212734072],[32.64202309518825,46.57627353839467],[32.68903847133109,46.65998444437054],[32.652134733669214,46.69755174843672],[32.58850759268802,46.70254456466989],[32.55293731895267,46.70386970500192],[32.53041650274952,46.67080496358503],[32.494701658532676,46.66986886137062],[32.465356340054825,46.68234871902368],[32.46254887436831,46.696151314890244],[32.48878706073691,46.71135325656712],[32.51540261718222,46.71104144736873],[32.553526008013534,46.73413143310526],[32.62901135255018,46.73928214241511],[32.697012994499545,46.737490665351885],[32.749767707276135,46.75355286659311],[32.80085007098401,46.80227334522587],[32.86700621233089,46.83033926562754],[32.93567435179759,46.81888557029191],[33.00518015193913,46.8148761958046],[33.05626251564806,46.81602178809641],[33.1081824505855,46.83377495035259],[33.127015321152385,46.86564192349806],[33.184773767482255,46.88360094411348],[33.260455633194596,46.89824727294507],[33.33031915639904,46.89186952409119],[33.39493778982262,46.88738103535306],[33.43989946170842,46.8859635355046],[33.50319171024046,46.867059972871715],[33.520729106050226,46.84807335978624],[33.49718453526788,46.835365725140065],[33.47322695834558,46.83564816341823],[33.446377808998534,46.82096012118083],[33.42164330069585,46.8233490959887],[33.399509333979694,46.79568824941859],[33.39060873597762,46.812667658597235],[33.37434803547217,46.83116326531166],[33.36031245247395,46.829992847525176],[33.2960568602162,46.85880364311899],[33.24991874779869,46.873176781635436],[33.20751242218353,46.873640377773114],[33.166123853311205,46.86089031571538],[33.16675313776201,46.808400721229255],[33.16349436649233,46.765984981288],[32.98987742663249,46.70918566299727],[32.923367457170656,46.71273737523788],[32.820459792073706,46.67767782190239],[32.76248637788376,46.67501456669538],[32.74490039502314,46.69426816668181],[32.705190130689374,46.690184644070456],[32.70572618057966,46.63330556318735],[32.76702473708826,46.61682315360497],[32.84304524526087,46.58901246696908],[32.83296781966982,46.43076638882482],[32.87026101459597,46.218173450809104],[33.176893835904536,46.12735593182859]]],"type":"Polygon"}},{"id":"998666a7-5573-4fbe-8c7b-823e8e1207f6","type":"Feature","properties":{},"geometry":{"coordinates":[[[34.874037463114014,46.36396527584143],[35.09151457739889,46.53794790114309],[35.20731316331285,46.62322326141674],[35.25274366476802,46.69164374654463],[35.2516187774161,46.75249842960679],[35.22258929576637,46.79798562684158],[35.2324388786987,46.87702478459917],[35.218527152750966,46.9499352071515],[34.96824420116894,47.036873065051395],[34.926912216837444,47.048603011476494],[34.87039867209247,47.0441665896967],[34.73933540495713,47.009359401565945],[34.72993201790579,46.97721318829114],[34.75276112790684,46.88669229417809],[34.65020238060982,46.849962978200104],[34.62057800463813,46.830066981398545],[34.431625386909275,46.803573216854176],[34.50006448863722,46.69236951358357],[34.55339128194749,46.557379860007515],[34.57646866247517,46.40225364060766],[34.574306509632805,46.287815695256796],[34.545240951095366,46.18359979747936],[34.57313078367321,46.1291262020103],[34.417880265600985,46.12451210112968],[34.37305608952744,46.0737163773789],[34.36831067869761,46.035923657479344],[34.3218330545474,46.05675835199638],[34.19349263297687,46.064304657985446],[34.125757705683725,46.0871113194228],[34.08997623433714,46.11688336499168],[34.02659191366706,46.10625233714384],[33.92718755120549,46.13255034227788],[33.85900837028518,46.17567132091338],[33.766451824146515,46.195079908355666],[33.738314801528475,46.18550042177148],[33.67099427074601,46.211738381284306],[33.66629242300431,46.22087289073173],[33.65146232390606,46.22668435546643],[33.64667001305892,46.22950055164756],[33.570150041324624,46.399526821985276],[33.51044022461604,46.559602139693354],[33.46052212049757,46.73521939409286],[33.45627150849964,46.767581546854615],[33.51193548825648,46.77812427289899],[33.54557152958236,46.80689476929507],[33.53716251925053,46.82357461135595],[33.55654505011472,46.83424952817845],[33.609833911831714,46.842836552269574],[33.68660429721572,46.98842513970885],[34.0354773758028,47.32819232380541],[34.03883713304404,47.45526970271396],[34.31754393252439,47.50691592103661],[34.556786983054735,47.545201400213756],[34.872489861679895,47.5102461831365],[34.95903777246082,47.41746937258142],[35.09239062528076,47.464978167889825],[35.270794906877256,47.46254287470353],[35.29475961652608,46.97532734841573],[35.33696168334865,46.894345501293856],[35.30970290233364,46.8764699804849],[35.30592327076212,46.85212797214476],[35.31042981817117,46.83498573083969],[35.34539753493246,46.8136427932796],[35.38226860749819,46.81002194561924],[35.31528021386487,46.68450871613169],[35.463047298239076,46.431413803832896],[35.28573649506481,46.2210781499802],[35.18621747954103,46.36282990672029],[35.09300806121345,46.26043826225944],[34.93185906068226,46.23989361307429],[34.90544955315906,46.234597651109226],[34.83124776586192,46.260988923780616],[34.874037463114014,46.36396527584143]]],"type":"Polygon"}},{"id":"37fa228d-ad43-4aa4-8a3b-409bda623dc0","type":"Feature","properties":{},"geometry":{"coordinates":[[[40.10727042601718,49.37518013361341],[40.104834688364775,49.3830097163997],[40.11026582618979,49.38864435232995],[40.11495825122557,49.385298409503264],[40.12886663916697,49.38235209636878],[40.141472325309195,49.37863387720287],[40.14373648121716,49.37828308580333],[40.155811979397924,49.372424524754166],[40.15408880625691,49.37112659978533],[40.15643971648103,49.370218965624446],[40.15819293052448,49.371230329325726],[40.162217369627456,49.36819617856992],[40.15935257186413,49.36576567284436],[40.145553981967936,49.36090172915911],[40.12564538794601,49.36861541549271],[40.10727042601718,49.37518013361341]]],"type":"Polygon"}},{"id":"4533bc4f-d1da-4822-9903-1b827a3be67c","type":"Feature","properties":{},"geometry":{"coordinates":[[[39.72491758420091,48.75246662605784],[39.698189415309,48.77014350961136],[39.6873100527321,48.80892162487052],[39.69156717703666,48.83491265679862],[39.70008147616963,48.83320108390245],[39.71711012495848,48.8095443278861],[39.71592754271262,48.78400740402151],[39.750143743487456,48.77251243258894],[39.73719872125878,48.76573420227763],[39.73598167132056,48.760923287302205],[39.73100282207096,48.75902794783096],[39.73111348338759,48.75574739017057],[39.72491758420091,48.75246662605784]]],"type":"Polygon"}},{"id":"b2463327-4316-4e63-aacc-22d55c5ccae6","type":"Feature","properties":{},"geometry":{"coordinates":[[[39.83165237137746,48.852979145174146],[39.825285395501226,48.86274833366329],[39.83043961869444,48.86992449160141],[39.82498215065755,48.878295363703074],[39.82892362116769,48.887063355631454],[39.83677494992753,48.89284544226922],[39.83395831680352,48.90130583328059],[39.84562725615737,48.90223110134397],[39.852869999417635,48.89020128392076],[39.924492983617,48.89601826111485],[39.939179716546136,48.88795363178451],[39.94863552561918,48.87644936457619],[39.96188497759661,48.87229208715519],[39.993672734185935,48.8681918923707],[40.0056961874605,48.90104391558427],[40.01768355151955,48.90232106289454],[40.025783106863685,48.91189861327089],[40.03615053909081,48.91594192745228],[40.04587006087215,48.91147299029052],[40.06012523260193,48.91062171640425],[40.05850533537517,48.90444956543237],[40.07826831685901,48.868465651749176],[39.97626557544638,48.79300711540424],[39.96006646475465,48.797699956710346],[39.941275539264126,48.79940633458267],[39.8849420493832,48.82142632557452],[39.830851727199104,48.834134495109],[39.82862047347689,48.830642411757196],[39.811338626295424,48.8376237110605],[39.83165237137746,48.852979145174146]]],"type":"Polygon"}},{"id":"44200ac9-efae-459e-9f61-9381193dd74b","type":"Feature","properties":{},"geometry":{"coordinates":[[[39.18901492104192,48.72876732337758],[39.20978799854424,48.742071705262134],[39.25171375638172,48.72278407179542],[39.25151312723713,48.719938345403534],[39.24948355835002,48.713968715642494],[39.24286279656715,48.71059294249852],[39.239351786530136,48.71065913630571],[39.23633023283816,48.71209430985718],[39.228183779687214,48.711108813748865],[39.2246536499882,48.707166636289884],[39.21827226168614,48.70618104366784],[39.20645990461725,48.6991917422597],[39.20157203272612,48.700177471758366],[39.19888817542176,48.706030329080576],[39.195733741301126,48.7076146265546],[39.18722353177469,48.72446221366218],[39.18901492104192,48.72876732337758]]],"type":"Polygon"}},{"id":"e4e43c10-cfc1-4a3d-82cb-31a3b088dc9d","type":"Feature","properties":{},"geometry":{"coordinates":[[[32.36613974888968,52.15311998378479],[32.4319035170484,51.94706888279839],[32.295198097608335,51.808540744736774],[32.0281960224431,51.800659176837115],[31.979629083712723,51.76078321479318],[32.16906991868831,51.665329551807616],[32.38827206435636,51.68743308859314],[32.61917125553023,51.7840911624389],[32.9259740503845,51.88764382933806],[33.28693858504272,51.894652342863225],[33.367347122990594,51.93237146349989],[33.34645133996435,51.987645204150795],[33.30293853598235,52.03391642880257],[33.32966794367772,52.14843221891317],[33.37415417753161,52.250308076408544],[33.42222454174956,52.34486562784244],[33.306682647111614,52.35001789679578],[33.31502722651959,52.19961081995717],[33.211605124544064,52.017581164479054],[33.25384689873124,52.00956726841295],[33.28371695064547,52.006464687416695],[33.29302711642762,51.99381350627036],[33.28017591315708,51.95673417879249],[33.31981695150097,51.959088393539446],[33.34369299935008,51.95007891535769],[33.32885112493793,51.9408025625107],[33.32024714859534,51.94643485712578],[33.308542099745324,51.94614875873228],[33.29774070123082,51.93972068620715],[33.28828946442195,51.945695047974084],[33.27247128140246,51.94032572286437],[33.27112110658766,51.93518266529563],[33.27418968809542,51.92315468222219],[33.26510668316348,51.91959862416826],[33.24792261623614,51.93049289533428],[33.262039492589366,51.97817965941252],[33.23400836477194,51.98795240771716],[33.182501500691416,51.99695939722233],[33.11707136880719,51.9992197814793],[33.165727433523216,52.07106872107036],[33.16950285371402,52.17840493626127],[33.149840773265026,52.235670075410326],[33.21892804177611,52.26278275237365],[33.22338682804974,52.372783623242015],[33.184494845761265,52.374206822942114],[33.15565249653565,52.33899505431327],[33.03241765786461,52.3053576486443],[32.90568671462711,52.240145826597],[32.888130883208305,52.27004744317142],[32.830157143742156,52.27511254602089],[32.79979006272089,52.25949331195778],[32.70126653525779,52.25081615479655],[32.67563752279693,52.27191582990187],[32.7079989780376,52.16173381263217],[32.76296808829832,52.01889131130022],[32.63906387941347,51.84165073296279],[32.486983620034124,51.792524132787946],[32.370216007759325,51.74672530390026],[32.24919714927336,51.71783087235275],[32.17543338383433,51.74886492910491],[32.19906093035712,51.787716605773454],[32.32411362358235,51.79056678616669],[32.42877936231889,51.86158292518647],[32.50254325086519,51.87616427263475],[32.6148958693899,51.99979073678384],[32.591877720677104,52.12420854101222],[32.52342945154875,52.163134543847875],[32.62943139987678,52.29310997245429],[32.60716465064354,52.30612098551154],[32.577178466897635,52.30012725358253],[32.57481543431081,52.30524278800846],[32.571112123142115,52.31019327188773],[32.54992239990321,52.326820988968336],[32.536944251096685,52.32612500946601],[32.520716508108194,52.327926244591026],[32.50719253460127,52.327284433741454],[32.501726194758135,52.32726189413711],[32.49941862503181,52.32120830920252],[32.4896984397036,52.314401976940104],[32.47202481415391,52.32438488200407],[32.466628569964655,52.323804087493755],[32.45985404786305,52.32679907116329],[32.43901925032091,52.32288380967384],[32.43761316588606,52.32190213248137],[32.43453987072539,52.3217916925488],[32.43186831029695,52.32219663674627],[32.42781444258361,52.32541152823123],[32.40555693801966,52.33716951228223],[32.400725716899814,52.33793839939287],[32.394354814549956,52.333685628819495],[32.38776652414077,52.33744763709231],[32.376566442055065,52.33760857144722],[32.355386531684985,52.32791534605292],[32.393923710548364,52.239805827198666],[32.348353771888185,52.24080764810694],[32.320404327762645,52.21384526263745],[32.342751367314605,52.189175855661006],[32.322037241067335,52.15293069788973],[32.36613974888968,52.15311998378479]]],"type":"Polygon"}},{"id":"f17c8285-74dd-49c9-8032-c6a0cbd7176b","type":"Feature","properties":{},"geometry":{"coordinates":[[[30.633807889466,51.4118284366468],[30.698495766072227,51.42687904083152],[30.721439205635676,51.46197952388161],[30.785780986451357,51.45242357516372],[31.027534883964904,51.46407369665923],[31.138798137450323,51.48804985689034],[31.172512069224723,51.52333261845257],[31.197718673900482,51.507850762124065],[31.20527139003849,51.479318507665084],[31.199924257278866,51.456272011603346],[31.11975110310098,51.438603308720104],[31.05548709774871,51.39440006873707],[30.80344326387356,51.37715110285092],[30.70121023330566,51.3384041990148],[30.657347888731778,51.33714014346663],[30.632380022730445,51.36199317503866],[30.647411830390205,51.38376284932811],[30.810183876356774,51.39433569917972],[30.88564236442059,51.409369434783514],[30.95925002994008,51.41288114879626],[31.199429007737457,51.46786385152445],[31.18958677633529,51.50571785264481],[31.176142801219697,51.508784388049946],[31.14074038287586,51.47085633109933],[30.85193331660372,51.432931487360946],[30.78961144981855,51.41702844907968],[30.63861851517692,51.401907999098185],[30.633807889466,51.4118284366468]]],"type":"Polygon"}},{"id":"49b4f49a-7cda-4f1f-a674-9a08b97ff6cd","type":"Feature","properties":{},"geometry":{"coordinates":[[[35.035600334926926,51.205210406934384],[34.98869407777079,51.239672738043765],[34.898696381604026,51.19665444859021],[34.844266833016746,51.193637519073036],[34.83358555917562,51.16348718432246],[34.758565783228704,51.17936954174317],[34.687601115672635,51.173017268757434],[34.66631171540658,51.2041351632742],[34.662644045722686,51.24733827021299],[34.6333584310953,51.25098256546849],[34.62065451855699,51.250363295599186],[34.61042541213942,51.251292198653374],[34.607569314770814,51.25213016980064],[34.60564880286117,51.25355858338227],[34.603093157645986,51.25357750265209],[34.6011877674207,51.25117471533548],[34.600830231549,51.24691335319284],[34.60127221370681,51.24562165429933],[34.59855022997763,51.245527042010565],[34.59662971483749,51.24412676354578],[34.59453828742784,51.24413757562857],[34.58059680581769,51.23367404723342],[34.55530174540965,51.24474865413549],[34.54087890391904,51.25280587612829],[34.53009226108537,51.25272936464134],[34.529516800253106,51.252020766979825],[34.523202031392515,51.252780372769536],[34.51316400642054,51.24239421667531],[34.3842956130284,51.27380185402737],[34.36668239873924,51.264169016984596],[34.35770157626706,51.25748871163185],[34.33135336690643,51.24002607937547],[34.30618396387331,51.23831347507556],[34.28389804895346,51.24949908665013],[34.27405194036828,51.251664251812116],[34.243908323861916,51.26351125723971],[34.23941503519555,51.26345680573988],[34.23840426397618,51.26395226808705],[34.235167063176476,51.2639010136171],[34.23513974294568,51.264302505246064],[34.230582932174826,51.2652617717923],[34.229802702530066,51.262402604816266],[34.22215295869586,51.26473527576695],[34.11536680266158,51.25786441455219],[34.12320710094983,51.199961709810225],[34.25244011242947,51.144444195891225],[34.4092838319917,51.06753521839835],[34.57904808529466,50.97630640897452],[34.68271086738488,50.95786308801619],[34.72217981699086,50.97609232054131],[34.715256041857515,51.01994897237128],[34.69157899353266,51.050992067634894],[34.74821828768336,51.08308329005436],[34.787362943007935,51.0990225549433],[34.9365289279786,51.08634151381443],[34.93099949046464,51.1123525994397],[34.94968970237855,51.13461042858745],[34.98010959121717,51.140384041290844],[35.01862679329807,51.12361113681945],[35.04103329396074,51.13286832075917],[35.057459070494104,51.15084960406955],[35.13056770206987,51.182282590298],[35.13089919305614,51.173781718775246],[35.13451088867964,51.17073487780331],[35.12297460162361,51.16526919007575],[35.12909104224337,51.156265187998066],[35.06538375652002,51.117715566335406],[35.042349070762896,51.101346089406775],[35.0020529697006,51.096205502904326],[34.97009429300073,51.07292958740615],[34.90404311828392,51.059523571910965],[34.86028523242348,51.052334997150695],[34.81726715250301,51.001459111402994],[34.93884837126842,51.01368632927063],[35.02337621509534,51.02579251848957],[35.119463801958375,51.05698530793816],[35.157657278389934,51.02064330168588],[35.20627379234806,51.04641228840198],[35.152665417565174,51.08086884132183],[35.18282557086903,51.12730093877681],[35.14336389010535,51.13523923431748],[35.13399620721651,51.14747042440422],[35.1420230032972,51.15154843116707],[35.136243798122024,51.15854071336017],[35.13050250003272,51.165433742706085],[35.14020609221916,51.171920359173185],[35.139152592914,51.176987392302834],[35.13341131209734,51.18458689746811],[35.12937250041924,51.194300864376686],[35.1404233543966,51.20510714538625],[35.13722745085346,51.214121771618466],[35.14629975952863,51.22475857775703],[35.11009721801088,51.23166099561428],[35.09394366538069,51.23057744872082],[35.07273759049443,51.23193933910474],[35.0598396136721,51.22330982061638],[35.06072917272479,51.214957128294515],[35.035600334926926,51.205210406934384]]],"type":"Polygon"}},{"id":"3134b3cd-96b3-4733-8dbd-3d0da42c1b99","type":"Feature","properties":{},"geometry":{"coordinates":[[[35.2139213128448,51.048777589904205],[35.157657278389934,51.02064330168588],[35.12130122341105,50.986388584916284],[35.043917598531436,50.97720799006032],[34.9438629538696,50.948480669815865],[34.90916878259824,50.94268626423252],[34.83430265229529,50.972120228614244],[34.78274786415412,50.98143169965235],[34.75356100018769,50.96734424072028],[34.68838395764766,50.92354746244587],[34.65269991244051,50.85309542496296],[34.67896830054602,50.83406828900999],[34.72866544224081,50.85685949510341],[34.72524265125173,50.90132439729493],[34.73927611989998,50.944022512862546],[34.790960143196656,50.96406417788111],[34.84504015309,50.94725562166741],[34.876872112949286,50.92267833889417],[34.95479054869361,50.88162123439133],[35.10905316672685,50.97124349316101],[35.23003058323184,50.99633667430774],[35.301671384250795,51.014835562375225],[35.32242656170695,51.01381290547718],[35.33703157065716,51.00834892431686],[35.36124992823298,51.00544227891476],[35.38286857465886,51.012882909082464],[35.38379297155893,51.02020611731942],[35.40690208445011,51.022646925584695],[35.40249965239269,51.0394990393458],[35.407271859006926,51.046815605773475],[35.39470045214895,51.05378500400758],[35.38639434397177,51.05419763832549],[35.37419271167158,51.06708812843482],[35.360142384303714,51.06615921322367],[35.35145331409808,51.06255945116004],[35.32778953937117,51.07161638126598],[35.327050049496734,51.07742117145287],[35.303016539705425,51.0785820377703],[35.29617626330085,51.06999090939905],[35.27639480547958,51.06546249752665],[35.27287307394849,51.05884327771028],[35.24666003137068,51.0637206996162],[35.2139213128448,51.048777589904205]]],"type":"Polygon"}},{"id":"1f501de8-7025-4885-90d3-003bf50df973","type":"Feature","properties":{},"geometry":{"coordinates":[[[35.650929512679284,46.52385519542358],[35.61592395598302,46.58846955120487],[35.71093902318185,46.63859576167411],[35.788951269325395,46.620061345048725],[35.71493964297255,46.58434752500955],[35.650929512679284,46.52385519542358]]],"type":"Polygon"}},{"id":"efe4008f-c310-4829-a140-88fca5e3be01","type":"Feature","properties":{},"geometry":{"coordinates":[[[34.574306509632805,46.287815695256796],[34.57696607497047,46.39884344777866],[34.55400742315149,46.555799261847994],[34.501634421932835,46.68981273073149],[34.431625386909275,46.803573216854176],[34.62057800463813,46.830066981398545],[34.64900445017847,46.84953312542925],[34.75276112790684,46.88669229417809],[34.72963888826607,46.978373473916065],[34.73933540495713,47.009359401565945],[34.86801666191579,47.043943824500644],[34.924698216169446,47.049230776006056],[34.96824420116894,47.036873065051395],[35.218527152750966,46.9499352071515],[35.2324388786987,46.87702478459917],[35.22258929576637,46.79798562684158],[35.2516187774161,46.75249842960679],[35.25274366476802,46.69164374654463],[35.20731316331285,46.62322326141674],[35.04672695306971,46.50486239625178],[34.87299651372081,46.36311296604765],[34.83124776586192,46.260988923780616],[34.90544955315906,46.234597651109226],[34.83031173301677,46.17362674533945],[34.85098390766947,46.10153669791299],[34.899227967848105,45.927214508223074],[35.016066922235694,45.775116972592315],[34.95958384321622,45.756780736182264],[34.81478001915352,45.78297180893384],[34.75986220800078,45.91371916924649],[34.67868119124742,45.95027395606188],[34.63594468837906,45.96890430895162],[34.55846364070919,45.984090737500026],[34.517570530599045,45.94998234685025],[34.461342504197944,45.95282551490553],[34.40838788223099,45.9962636830207],[34.36831067869761,46.035923657479344],[34.37305608952744,46.0737163773789],[34.417880265600985,46.12451210112968],[34.49904849587287,46.12828844601253],[34.57313078367321,46.1291262020103],[34.545240951095366,46.18359979747936],[34.574306509632805,46.287815695256796]]],"type":"Polygon"}},{"id":"91e7a418-2dac-4e33-9140-efaf77720b90","type":"Feature","properties":{},"geometry":{"coordinates":[[[33.61405485605522,46.13477587161378],[33.6267677859405,46.08080385263759],[33.60013633419874,46.039566227634054],[33.468260644316075,45.99943475697967],[33.364459605727916,46.004582282119145],[33.20558044886957,46.09164982572392],[33.176893835904536,46.12735593182859],[32.87026101459597,46.218173450809104],[32.83296781966982,46.43076638882482],[32.84304524526087,46.58901246696908],[32.76702473708826,46.61682315360497],[32.70572618057966,46.63330556318735],[32.705190130689374,46.690184644070456],[32.74490039502314,46.69426816668181],[32.76248637788376,46.67501456669538],[32.820459792073706,46.67767782190239],[32.923367457170656,46.71273737523788],[32.98987742663249,46.70918566299727],[33.075390264282305,46.73670531563917],[33.16349436649233,46.765984981288],[33.16680236988486,46.804289866410414],[33.166123853311205,46.86089031571538],[33.20751242218353,46.873640377773114],[33.24991874779869,46.873176781635436],[33.2960568602162,46.85880364311899],[33.326250104916596,46.84558623487521],[33.36031245247395,46.829992847525176],[33.37434803547217,46.83116326531166],[33.39060873597762,46.812667658597235],[33.399509333979694,46.79568824941859],[33.4236534444054,46.787103451080014],[33.45026950230999,46.80785352232746],[33.47325414252413,46.822424442988705],[33.53716251925053,46.82357461135595],[33.54557152958236,46.80689476929507],[33.51193548825648,46.77812427289899],[33.45627150849964,46.767581546854615],[33.46065382626151,46.73421602517409],[33.51528315972552,46.54255530297101],[33.57750696290731,46.38028937606122],[33.64667001305892,46.22950055164756],[33.62280779872614,46.227205272330394],[33.622275941405434,46.2277308971008],[33.621588285126535,46.227784532668835],[33.621157733961894,46.227013615369344],[33.61520521543483,46.22625868554573],[33.617927563316954,46.216008337264384],[33.61371731390054,46.214594711345796],[33.61355540175248,46.2139504970246],[33.61395275483241,46.21357979636784],[33.618558472364526,46.21378591231229],[33.635518973192035,46.14653140350711],[33.6412811941114,46.14241022998857],[33.63907717007865,46.1410734337166],[33.61405485605522,46.13477587161378]]],"type":"Polygon"}},{"id":"e12d34aa-13af-44f4-a092-13f4c03ba21a","type":"Feature","properties":{},"geometry":{"coordinates":[[[39.19853643214745,48.749907152708005],[39.119203995610974,48.779153494972775],[39.03763092080871,48.85963894413132],[39.03473461581058,48.89747692807697],[39.02476054201594,48.934092997352735],[38.97839746395627,48.960762622856834],[38.968676187566786,48.9852926083322],[38.991857739907516,49.00311017026087],[39.0210215424529,48.97286558701671],[39.04270747899531,48.95700029145215],[39.106818670119424,48.94710727024628],[39.1639693241157,48.835130204555014],[39.20668983656114,48.77462994484242],[39.22959351711921,48.75384570529556],[39.25612759757033,48.74349346152536],[39.25321847496903,48.73925964750288],[39.25743168701305,48.733239079131295],[39.25171375638172,48.72278407179542],[39.20978799854424,48.742071705262134],[39.19853643214745,48.749907152708005]]],"type":"Polygon"}},{"id":"31212635-e76c-44e4-827d-e24c77643a1b","type":"Feature","properties":{},"geometry":{"coordinates":[[[33.22338682804974,52.372783623242015],[33.21892804177611,52.26278275237365],[33.149840773265026,52.235670075410326],[33.16950285371402,52.17840493626127],[33.165727433523216,52.07106872107036],[33.11707136880719,51.9992197814793],[33.182501500691416,51.99695939722233],[33.23400836477194,51.98795240771716],[33.262039492589366,51.97817965941252],[33.24792261623614,51.93049289533428],[33.26510668316348,51.91959862416826],[33.27418968809542,51.92315468222219],[33.27112110658766,51.93518266529563],[33.27247128140246,51.94032572286437],[33.28828946442195,51.945695047974084],[33.29774070123082,51.93972068620715],[33.308542099745324,51.94614875873228],[33.32024714859534,51.94643485712578],[33.32885112493793,51.9408025625107],[33.34369299935008,51.95007891535769],[33.31981695150097,51.959088393539446],[33.28017591315708,51.95673417879249],[33.29302711642762,51.99381350627036],[33.28371695064547,52.006464687416695],[33.25384689873124,52.00956726841295],[33.211605124544064,52.017581164479054],[33.31502722651959,52.19961081995717],[33.306682647111614,52.35001789679578],[33.28880755815109,52.35770580841],[33.24271476629551,52.36809617262719],[33.22338682804974,52.372783623242015]]],"type":"Polygon"}},{"id":"113d8138-bf83-46b5-b386-a5cd99dd7c39","type":"Feature","properties":{},"geometry":{"coordinates":[[[32.62943139987678,52.29310997245429],[32.522480800716664,52.16196747597638],[32.591877720677104,52.12420854101222],[32.6148958693899,51.99979073678384],[32.50254325086519,51.87616427263475],[32.42877936231889,51.86158292518647],[32.32411362358235,51.79056678616669],[32.19906093035712,51.787716605773454],[32.17543338383433,51.74886492910491],[32.24919714927336,51.71783087235275],[32.370216007759325,51.74672530390026],[32.486983620034124,51.792524132787946],[32.63906387941347,51.84165073296279],[32.76296808829832,52.01889131130022],[32.70573235808865,52.16760368776434],[32.67563752279693,52.27191582990187],[32.65407951734932,52.28322093132505],[32.63867444907149,52.28659600956877],[32.62943139987678,52.29310997245429]]],"type":"Polygon"}},{"id":"4cf99ef2-0375-4df0-a7e3-7ad3110cc44c","type":"Feature","properties":{},"geometry":{"coordinates":[[[35.13056770206987,51.182282590298],[35.057459070494104,51.15084960406955],[35.04103329396074,51.13286832075917],[35.01862679329807,51.12361113681945],[34.98010959121717,51.140384041290844],[34.94968970237855,51.13461042858745],[34.93099949046464,51.1123525994397],[34.9365289279786,51.08634151381443],[34.787362943007935,51.0990225549433],[34.74821828768336,51.08308329005436],[34.69157899353266,51.050992067634894],[34.715256041857515,51.01994897237128],[34.72217981699086,50.97609232054131],[34.68271086738488,50.95786308801619],[34.62475562411154,50.95837978843693],[34.559720896757796,50.96217742250943],[34.46876736944586,50.9563746962215],[34.3742735095997,50.9541139096188],[34.346732535367465,50.95141908184385],[34.34068712672192,50.93827862968317],[34.377546057354834,50.933071341341304],[34.47286280301441,50.93714897163309],[34.560702340442674,50.938848849993946],[34.62504268834124,50.931553896619135],[34.68838395764766,50.92354746244587],[34.75356100018769,50.96734424072028],[34.78274786415412,50.98143169965235],[34.83430265229529,50.972120228614244],[34.90916878259824,50.94268626423252],[34.9438629538696,50.948480669815865],[35.043917598531436,50.97720799006032],[35.12130122341105,50.986388584916284],[35.157657278389934,51.02064330168588],[35.119463801958375,51.05698530793816],[35.02337621509534,51.02579251848957],[34.93884837126842,51.01368632927063],[34.81726715250301,51.001459111402994],[34.86028523242348,51.052334997150695],[34.90632007827327,51.059897124209044],[34.97009429300073,51.07292958740615],[35.0020529697006,51.096205502904326],[35.042349070762896,51.101346089406775],[35.06428557051609,51.11705017986418],[35.12909104224337,51.156265187998066],[35.12297460162361,51.16526919007575],[35.13451088867964,51.17073487780331],[35.13089919305614,51.173781718775246],[35.13056770206987,51.182282590298]]],"type":"Polygon"}},{"id":"6e0b8a06-8a35-4cc3-b55b-0e7018392cac","type":"Feature","properties":{},"geometry":{"coordinates":[[[35.53800262530264,50.45995228390981],[35.50294368298583,50.4442480148102],[35.49827887489269,50.4392807519944],[35.48241052985347,50.43698561604697],[35.45348777255043,50.42625937335359],[35.43200454098249,50.42091074499234],[35.408411420234444,50.42326237404333],[35.39021814545998,50.43394065901791],[35.35448189595709,50.4081419670259],[35.31181974008692,50.39617542933746],[35.28877902837729,50.3614822307415],[35.267165078274985,50.35271368756361],[35.23582093693244,50.34290220866882],[35.16455821060913,50.34188471876175],[35.14809270566795,50.34773262949159],[35.13056781433261,50.35923239399327],[35.11775327662116,50.36830065315823],[35.09489126931376,50.36696428777796],[35.064759786090605,50.36309937383129],[35.00991159352267,50.377856690476875],[34.98327873416872,50.355080053816806],[34.97165757151146,50.338075961996225],[34.98764618946524,50.319487307670784],[35.06373120797781,50.31198845636533],[35.14434495058495,50.326256420925404],[35.20447673397152,50.33002155339739],[35.26351147174759,50.33296600490044],[35.30935461927436,50.34235149448],[35.32839191330871,50.37055437040959],[35.37341150759201,50.39540643525953],[35.39888683375332,50.391686561679364],[35.440999895876246,50.40719950702109],[35.46501703311429,50.411363944681625],[35.49036930719453,50.409753249021776],[35.507523120774295,50.41457045948309],[35.50705528714815,50.42743052235514],[35.504085772698886,50.43217571062033],[35.53549301771827,50.44921699514259],[35.54644408236166,50.457473493895634],[35.53800262530264,50.45995228390981]]],"type":"Polygon"}},{"id":"0e3bfcc3-b769-4a3d-9b91-d648858fc243","type":"Feature","properties":{},"geometry":{"coordinates":[[[33.89735169016063,51.71967488842131],[33.91222560612804,51.69230881792315],[33.92101542214061,51.66764183045308],[33.929821466941576,51.63896368702646],[33.96233060762191,51.5592954487706],[33.94016792888533,51.498687527282755],[33.94344379250353,51.46257014024053],[33.94029561780539,51.42725442018235],[33.93822902956023,51.38493909121598],[33.89652324604393,51.33817306907446],[33.94543784708122,51.331799034857085],[33.950143721006754,51.3154105339128],[33.95276246991003,51.27619292185719],[33.921141515109525,51.22054453016864],[33.8637970534071,51.18210345866771],[33.84163278830286,51.18066540017708],[33.807763372372364,51.17073481952201],[33.79050914470625,51.175139782954716],[33.7802844460206,51.19851905009111],[33.807459119093835,51.20980197699575],[33.82760067531987,51.214462463226255],[33.85810488362421,51.20861393332632],[33.879681183030755,51.21983495381747],[33.90484471332101,51.2540712374024],[33.92058121167261,51.306683862044395],[33.91563393319521,51.32333831756449],[33.882977950965284,51.317993899831094],[33.872425372732664,51.32351644870698],[33.87173179896041,51.346802435126165],[33.91080494704184,51.38562332659433],[33.90471048607259,51.441147895641734],[33.91916223716413,51.46850574008806],[33.91232743397583,51.496381566841194],[33.93112340769957,51.56536146334844],[33.9108984286419,51.63791775664026],[33.8997435871872,51.66639073615633],[33.89078775620117,51.69066877242466],[33.863769650323064,51.70154365456011],[33.69974284376701,51.64191036793716],[33.38324397463904,51.50823237903492],[33.228908830159696,51.435269290511144],[33.074722936107264,51.393667060872986],[32.99967182920781,51.35782050587437],[32.930157671167194,51.33956899425479],[32.89062624384499,51.317843154078446],[32.800623421042644,51.29086410098404],[32.82662680281959,51.24735260913468],[32.856437669603764,51.21266025257654],[32.86582188690204,51.180539019340785],[32.84487107131119,51.156057193936505],[32.810607738646326,51.160571582978264],[32.779617965819,51.17780427412853],[32.780538029154826,51.24095698314832],[32.755113310736704,51.28150280750751],[32.74577998534457,51.292966296831366],[32.87771715729971,51.32657093926119],[32.9108322397052,51.348134320023746],[32.987870023004234,51.370708805527784],[33.064717746598944,51.40707346945547],[33.2068905119628,51.44236472075127],[33.35869481185125,51.52476020525586],[33.674500802201464,51.65685251216888],[33.85062689460881,51.716801812989786],[33.87585722279144,51.73135089827582],[34.02344377829917,51.79333242710669],[34.17452550552193,51.83080365374644],[34.314245403630494,51.8777044246331],[34.32987728508263,51.87089647542641],[33.89735169016063,51.71967488842131]]],"type":"Polygon"}},{"id":"7327b964-8a81-4ae1-8106-a620cab56179","type":"Feature","properties":{},"geometry":{"coordinates":[[[29.49328128388416,51.397012972719295],[29.518401699501766,51.42171383849981],[29.519438080312483,51.453998019126175],[29.541719741948327,51.48303428636797],[29.580583219823808,51.46367882230976],[29.609601218363423,51.47303499871893],[29.61011932574786,51.492386467811485],[29.66660077928276,51.50624998673922],[29.71893682026888,51.5307426303867],[29.744327568991878,51.5307426303867],[29.745882167881177,51.50334867293671],[29.735000418428655,51.48593688477169],[29.747436711424058,51.45561164040575],[29.7989784093497,51.44231024518541],[29.798196736915514,51.459352090347636],[29.847549748247843,51.45698817690524],[29.877543147967998,51.44742346276752],[29.886924010411576,51.462029510496194],[29.890441765984917,51.48441636236697],[29.928356114598756,51.49122757086937],[29.960798255184756,51.47127758814301],[29.988101822848193,51.48937788234602],[30.019012972530078,51.489974732416215],[30.014628017873463,51.503237725292166],[30.04334313193897,51.499874832263686],[30.119015740111536,51.48894368236142],[30.124758755707887,51.50596992121609],[30.165658026685747,51.4907278848961],[30.169636983077936,51.50964480503768],[30.180109536685762,51.512166468567386],[30.216256771601877,51.491779037760864],[30.24624609545225,51.48653214563248],[30.28306892195326,51.462136515681436],[30.341444920956036,51.419202220842095],[30.358336117827918,51.3798103098199],[30.322864582747002,51.359785383886646],[30.387697939767776,51.32477342396615],[30.398240043302025,51.31171026524788],[30.42729293511806,51.305167064112055],[30.45871063202361,51.307277874458634],[30.462764470199062,51.28722122509842],[30.45381857792887,51.274338139843024],[30.466993786542446,51.273070754186364],[30.503140913207375,51.28004093985399],[30.539963739708384,51.26335296745779],[30.55888189175178,51.239895075802394],[30.50246532162339,51.22953599680994],[30.52556801617888,51.195853042389984],[30.487667299602748,51.16605414068917],[30.50401665945006,51.098003240585825],[30.443077927115866,51.07467505148017],[30.443196876333275,51.00835890709112],[30.46103241894687,50.87731644905256],[30.386829189529976,50.782088045321416],[30.27253381561087,50.775887985560075],[30.22166484542049,50.75284769238431],[30.17439141499713,50.701880805272566],[30.19060462641019,50.66869617455856],[30.201959190301267,50.64292592816773],[30.190742500610384,50.624285842993544],[30.22882066657138,50.59559267206555],[30.24863846606266,50.591247265977785],[30.259680393481517,50.58949944336243],[30.264798964212645,50.58133113127866],[30.267580610392372,50.57611860797161],[30.26576851929724,50.57581022993463],[30.262091180438375,50.580674471344764],[30.256909991505353,50.58792314176978],[30.247403675195756,50.58903234257653],[30.227635000064424,50.59282566598378],[30.22025633375955,50.59383186815455],[30.21563104326279,50.59184672137957],[30.213804442994785,50.58648370151619],[30.187865964027765,50.57999324020554],[30.171434054963868,50.603373044006815],[30.108438593318112,50.62630512273],[29.98965944482589,50.65019612583376],[29.97699487419453,50.6745438594138],[30.000577182953805,50.719885456792554],[30.015862025662727,50.79995539184216],[29.8986397851707,50.859081840860085],[29.80259123892037,50.89841481581604],[29.68491281829202,50.97345408229353],[29.49275208576094,51.133198329066914],[29.386102064082337,51.22182240457133],[29.376601017424832,51.28578271223415],[29.343734864265215,51.38997173876503],[29.42675110825399,51.41438656743401],[29.49328128388416,51.397012972719295]]],"type":"Polygon"}},{"id":"7a0a32c9-9403-44ba-8711-6f9dbf81daa5","type":"Feature","properties":{},"geometry":{"coordinates":[[[37.7827442708344,47.24295361109017],[37.78777669774456,47.23400333324375],[37.80905474573359,47.23069533192955],[37.82103367757433,47.222538472325645],[37.83471477014618,47.24999276504826],[37.836047376881936,47.28604911107854],[37.82820238412816,47.30299250582863],[37.82528247106137,47.30963655805604],[37.8188003885972,47.30940349829726],[37.8033910912836,47.303714329571875],[37.789942167870834,47.274557481514336],[37.7743028632635,47.270424331877905],[37.775797800133375,47.25739888345703],[37.7864923409542,47.24678897732724],[37.7827442708344,47.24295361109017]]],"type":"Polygon"}},{"id":"8d52e584-6baa-4409-bf7f-6d1c4da6b455","type":"Feature","properties":{},"geometry":{"coordinates":[[[31.06977416505444,51.81204159686817],[31.010866844063173,51.96852334580507],[30.950518789150294,52.074568833764516],[30.950518789150294,52.08863118194654],[30.96322677954376,52.09102675826293],[30.963551326515216,52.08192507213403],[30.989087959809098,52.078355281100045],[31.038037075048493,51.9922439829881],[31.087238309585814,51.87770104566087],[31.12371896060452,51.796451395232026],[31.15361089871743,51.76704837261528],[31.203817121622507,51.68331564407907],[31.240944230771703,51.61455901625587],[31.292436404741863,51.61421336673655],[31.309154512848778,51.597407188715806],[31.312853211569518,51.579400221422134],[31.318192698532698,51.56405954058866],[31.3164173288354,51.55348734161626],[31.279726212867473,51.55495840254042],[31.24148818684634,51.56927414590595],[31.21319913780721,51.59983304317518],[31.17599562980979,51.67827225165672],[31.126695061074287,51.74770529584478],[31.06592736687142,51.788477381400355],[31.06977416505444,51.81204159686817]]],"type":"Polygon"}},{"id":"45795743-b061-435a-8869-1dd30353af9b","type":"Feature","properties":{},"geometry":{"coordinates":[[[31.77242235402906,52.11187118769112],[31.7725945955834,52.075039566763024],[31.78946580858772,52.05004525593853],[31.761503512190785,52.012489597174834],[31.70867266681418,51.97596064830225],[31.6589754657748,51.93854726355033],[31.581933540084947,51.89799308939351],[31.578218863296996,51.872557703661414],[31.58802750200826,51.84021550595267],[31.547592291464696,51.814955942863634],[31.544483073965893,51.79751499489117],[31.587533312067677,51.78760908934555],[31.618864366797368,51.80002809037518],[31.625622813119634,51.83541189045047],[31.655657612953917,51.873984944221235],[31.75761828141657,51.878349317128766],[31.822482607421307,51.865240855713665],[31.89099338760269,51.84412048673005],[31.908900013784375,51.82835296904298],[31.93423286471551,51.80451978066142],[31.946981492962863,51.79769088161203],[31.96627132957451,51.807806451876246],[31.973964735994684,51.82062829841641],[31.956826425685335,51.83760321447096],[31.92488023873446,51.841112227832355],[31.90950049453903,51.85671280784587],[31.84440466685794,51.879114021357424],[31.782066234014536,51.89828000414877],[31.741784199336365,51.90296217528012],[31.676291302019138,51.90958898233262],[31.74503987205199,51.95199295547525],[31.796863779512933,52.00893515292017],[31.841004044725082,52.05217600111621],[31.804257091539142,52.07816286745549],[31.791770365524854,52.11148500299575],[31.77242235402906,52.11187118769112]]],"type":"Polygon"}},{"id":"58d91096-eb9b-4d71-a8ac-2572594e7f4a","type":"Feature","properties":{},"geometry":{"coordinates":[[[34.877346018898095,50.30899839049047],[34.877663180238756,50.30987566746012],[34.88431881430603,50.3076149263739],[34.888513827595204,50.309765285062895],[34.89372577887593,50.309567124100056],[34.894529141210995,50.3213442026107],[34.897253401503775,50.32756541547823],[34.9020701498184,50.33109362652684],[34.905466552346894,50.332888209047326],[34.909385600200125,50.33730588426985],[34.91056016326377,50.339391689575166],[34.91154755513733,50.34110700770211],[34.91831951414531,50.34654619859771],[34.92281253917176,50.35038267788212],[34.92816237667395,50.351770819341965],[34.93299073418129,50.35156206463836],[34.93385615269696,50.34324929668227],[34.92430056971179,50.34293414893128],[34.91479939558096,50.33900035460792],[34.91248200331776,50.33835713650552],[34.909897505191964,50.336895352246614],[34.906093159195336,50.33262541230417],[34.90260048971152,50.33069876926157],[34.89806025176418,50.327273836777806],[34.89518188375277,50.321316526211376],[34.89443966781042,50.30909550678777],[34.88899264176024,50.30897845712107],[34.88411564768779,50.306793560242085],[34.877346018898095,50.30899839049047]]],"type":"Polygon"}},{"id":"46992de3-ea2a-4eec-bebf-05b0b43c0b39","type":"Feature","properties":{},"geometry":{"coordinates":[[[35.38226860749819,46.81002194561924],[35.34539753493246,46.8136427932796],[35.31042981817117,46.83498573083969],[35.30592327076212,46.85212797214476],[35.30970290233364,46.8764699804849],[35.33696168334865,46.894345501293856],[35.357783781635845,46.88089834923127],[35.38516559249024,46.86504043481807],[35.407331812367175,46.86539686134179],[35.41541597002626,46.830814183801095],[35.38226860749819,46.81002194561924]]],"type":"Polygon"}},{"id":"2cdd6c65-43fc-47f0-9050-d44639620cd9","type":"Feature","properties":{},"geometry":{"coordinates":[[[39.65851572069704,49.61501458706735],[39.61953251638937,49.58555368407815],[39.556255508099355,49.57456992394762],[39.52659441046305,49.561386140352425],[39.54043625602728,49.49981470804738],[39.55968174505003,49.4658710554219],[39.58978765349272,49.45725872133832],[39.61557770337208,49.50146497141131],[39.66783773685091,49.53720660473482],[39.69947627116818,49.58262492246487],[39.726814103064896,49.60348188711538],[39.715770036128646,49.60659570242328],[39.69604888200695,49.60508091034245],[39.687213592374746,49.611813001774834],[39.65851572069704,49.61501458706735]]],"type":"Polygon"}},{"id":"b7253ae0-5519-43c4-8001-b5406b20bfb0","type":"Feature","properties":{},"geometry":{"coordinates":[[[39.39228161642896,48.683839215087204],[39.43333489033543,48.68664306601622],[39.483016844786704,48.67776316111002],[39.525587865234286,48.66378104698106],[39.531224999212895,48.641511521058874],[39.51872694008793,48.62967857536668],[39.51577381334337,48.63415601272325],[39.510388699867065,48.63564840354866],[39.48328941914963,48.62898970358498],[39.479120299038385,48.62967857536668],[39.46713407872073,48.62818600795342],[39.46504951866595,48.63289318600522],[39.46782893207288,48.6353040095843],[39.46869749876268,48.638403470629214],[39.458622125162265,48.639780947746175],[39.45202101832095,48.64115838724868],[39.451499878308084,48.64930746797745],[39.45341072502529,48.65263558699101],[39.4537581517005,48.65458645118002],[39.44767818487202,48.65734048387813],[39.438645091300714,48.65596348633494],[39.421715676414806,48.65914803207119],[39.41509491463191,48.65729267587011],[39.41168421916717,48.65815409974135],[39.409176354856015,48.66040698488817],[39.41489428548627,48.66656877401002],[39.4149946000596,48.669152525901325],[39.40562345456806,48.67489750115817],[39.398802063640574,48.675361184601826],[39.390676583269425,48.68059388761037],[39.39228161642896,48.683839215087204]]],"type":"Polygon"}},{"id":"91ef92e4-c2fa-43ea-838f-593ec19bb331","type":"Feature","properties":{},"geometry":{"coordinates":[[[38.754851247155095,48.71874757074673],[38.740953783867695,48.74442636828621],[38.75656583003024,48.76507762940025],[38.776578857008474,48.76804077007992],[38.790072658527265,48.757621208689585],[38.80472722766564,48.751693525472405],[38.85477083939554,48.75010624471139],[38.84739633402873,48.74277591551848],[38.838811088972676,48.72335736790279],[38.830776180140816,48.71805649658282],[38.80975333648479,48.713481322917204],[38.76603776886529,48.71406232041437],[38.754851247155095,48.71874757074673]]],"type":"Polygon"}},{"id":"7fab7098-6d14-4dc0-866b-4888f8fdba43","type":"Feature","properties":{},"geometry":{"coordinates":[[[30.63861851517692,51.401907999098185],[30.78961144981855,51.41702844907968],[30.85193331660372,51.432931487360946],[30.92497228823882,51.44264806072081],[31.092295323100075,51.4638566754719],[31.14074038287586,51.47085633109933],[31.176142801219697,51.508784388049946],[31.18958677633529,51.50571785264481],[31.199429007737457,51.46786385152445],[31.10759914165061,51.44648880993253],[30.95925002994008,51.41288114879626],[30.88564236442059,51.409369434783514],[30.810183876356774,51.39433569917972],[30.647411830390205,51.38376284932811],[30.63861851517692,51.401907999098185]]],"type":"Polygon"}}],"metadata":{"tileStats":{"layers":[{"layer":"война2022-н.в","attributes":[],"geometry":["Polygon"]}]}}}